event_id,user_id,session_id,event_name,event_timestamp,feature_area,metadata
E00001,U0045,S00345,view_heatmap,20-04-2023,Search,{}
E00002,U0004,S00291,login,09-01-2023,Dashboard,{}
E00003,U0154,S00208,view_heatmap,27-04-2023,Dashboard,{}
E00004,U0155,S00002,search_role,11-01-2023,Insights,{}
E00005,U0174,S00124,logout,09-04-2023,Search,{}
E00006,U0107,S00280,search_role,11-02-2023,Dashboard,{}
E00007,U0192,S00074,login,21-05-2023,Search,{}
E00008,U0051,S00166,signup,13-06-2023,Search,{}
E00009,U0050,S00022,login,30-04-2023,Search,{}
E00010,U0006,S00154,search_role,21-05-2023,Company,{}
E00011,U0059,S00427,apply_filter,12-01-2023,Company,{}
E00012,U0125,S00439,view_company,06-02-2023,Company,{}
E00013,U0143,S00295,signup,15-03-2023,Company,{}
E00014,U0030,S00219,search_role,14-03-2023,Insights,{}
E00015,U0170,S00157,view_heatmap,21-02-2023,Dashboard,{}
E00016,U0122,S00495,search_role,10-05-2023,Company,{}
E00017,U0125,S00230,search_role,25-02-2023,Insights,{}
E00018,U0037,S00020,search_role,01-03-2023,Dashboard,{}
E00019,U0170,S00475,search_role,23-01-2023,Company,{}
E00020,U0124,S00041,login,13-04-2023,Dashboard,{}
E00021,U0101,S00438,apply_filter,09-02-2023,Company,{}
E00022,U0035,S00148,login,05-03-2023,Insights,{}
E00023,U0087,S00108,search_role,26-03-2023,Search,{}
E00024,U0134,S00403,view_heatmap,31-05-2023,Search,{}
E00025,U0196,S00084,search_role,06-06-2023,Dashboard,{}
E00026,U0018,S00483,view_company,28-06-2023,Insights,{}
E00027,U0113,S00367,view_company,30-03-2023,Search,{}
E00028,U0029,S00322,apply_filter,31-01-2023,Company,{}
E00029,U0077,S00414,search_role,27-06-2023,Search,{}
E00030,U0059,S00309,apply_filter,20-01-2023,Dashboard,{}
E00031,U0175,S00290,search_role,10-05-2023,Dashboard,{}
E00032,U0126,S00406,view_company,02-06-2023,Insights,{}
E00033,U0145,S00323,view_heatmap,13-01-2023,Dashboard,{}
E00034,U0109,S00134,logout,02-05-2023,Search,{}
E00035,U0022,S00207,view_company,13-04-2023,Search,{}
E00036,U0068,S00283,apply_filter,16-04-2023,Search,{}
E00037,U0069,S00266,view_heatmap,29-04-2023,Search,{}
E00038,U0165,S00073,login,11-03-2023,Insights,{}
E00039,U0049,S00481,view_company,09-04-2023,Company,{}
E00040,U0141,S00352,login,23-03-2023,Company,{}
E00041,U0162,S00048,view_company,16-03-2023,Insights,{}
E00042,U0109,S00326,view_heatmap,28-04-2023,Dashboard,{}
E00043,U0086,S00233,view_heatmap,25-03-2023,Company,{}
E00044,U0053,S00443,view_company,10-03-2023,Dashboard,{}
E00045,U0123,S00100,search_role,28-02-2023,Company,{}
E00046,U0087,S00059,search_role,06-05-2023,Dashboard,{}
E00047,U0179,S00258,search_role,21-04-2023,Insights,{}
E00048,U0131,S00413,view_heatmap,03-03-2023,Search,{}
E00049,U0042,S00452,apply_filter,24-05-2023,Dashboard,{}
E00050,U0098,S00065,view_heatmap,08-05-2023,Search,{}
E00051,U0160,S00083,view_company,15-04-2023,Dashboard,{}
E00052,U0109,S00154,view_company,09-03-2023,Dashboard,{}
E00053,U0051,S00473,view_heatmap,15-01-2023,Dashboard,{}
E00054,U0085,S00266,apply_filter,04-02-2023,Dashboard,{}
E00055,U0174,S00309,search_role,14-01-2023,Dashboard,{}
E00056,U0127,S00079,view_heatmap,26-06-2023,Search,{}
E00057,U0021,S00315,logout,12-04-2023,Dashboard,{}
E00058,U0044,S00150,signup,10-04-2023,Search,{}
E00059,U0139,S00435,view_heatmap,07-01-2023,Insights,{}
E00060,U0103,S00048,search_role,30-01-2023,Company,{}
E00061,U0068,S00405,search_role,18-02-2023,Dashboard,{}
E00062,U0129,S00379,search_role,24-05-2023,Company,{}
E00063,U0092,S00248,apply_filter,21-04-2023,Search,{}
E00064,U0191,S00278,search_role,28-06-2023,Insights,{}
E00065,U0024,S00356,search_role,13-03-2023,Insights,{}
E00066,U0125,S00098,login,21-03-2023,Insights,{}
E00067,U0141,S00414,view_heatmap,24-03-2023,Company,{}
E00068,U0111,S00025,view_heatmap,11-02-2023,Search,{}
E00069,U0098,S00493,view_heatmap,17-01-2023,Dashboard,{}
E00070,U0139,S00284,search_role,22-06-2023,Dashboard,{}
E00071,U0179,S00449,login,07-01-2023,Search,{}
E00072,U0017,S00369,view_heatmap,04-06-2023,Company,{}
E00073,U0099,S00301,view_heatmap,10-01-2023,Dashboard,{}
E00074,U0082,S00068,view_company,03-02-2023,Search,{}
E00075,U0104,S00007,view_company,05-02-2023,Dashboard,{}
E00076,U0152,S00305,search_role,02-06-2023,Insights,{}
E00077,U0019,S00137,view_company,06-01-2023,Dashboard,{}
E00078,U0165,S00164,apply_filter,01-06-2023,Company,{}
E00079,U0085,S00083,search_role,26-05-2023,Search,{}
E00080,U0008,S00385,signup,14-05-2023,Company,{}
E00081,U0028,S00138,apply_filter,29-01-2023,Search,{}
E00082,U0005,S00420,apply_filter,06-05-2023,Insights,{}
E00083,U0145,S00073,search_role,02-06-2023,Search,{}
E00084,U0101,S00237,apply_filter,22-03-2023,Dashboard,{}
E00085,U0164,S00046,search_role,23-06-2023,Dashboard,{}
E00086,U0118,S00106,apply_filter,01-06-2023,Insights,{}
E00087,U0147,S00416,view_company,16-03-2023,Search,{}
E00088,U0064,S00288,view_heatmap,26-01-2023,Insights,{}
E00089,U0091,S00262,apply_filter,07-05-2023,Dashboard,{}
E00090,U0117,S00176,view_heatmap,25-04-2023,Company,{}
E00091,U0098,S00166,search_role,06-05-2023,Insights,{}
E00092,U0011,S00145,apply_filter,28-01-2023,Company,{}
E00093,U0054,S00330,signup,11-05-2023,Company,{}
E00094,U0173,S00370,search_role,16-03-2023,Search,{}
E00095,U0047,S00283,view_heatmap,15-06-2023,Insights,{}
E00096,U0140,S00054,search_role,19-03-2023,Company,{}
E00097,U0149,S00178,view_heatmap,28-06-2023,Company,{}
E00098,U0139,S00419,apply_filter,31-03-2023,Search,{}
E00099,U0005,S00244,login,25-06-2023,Search,{}
E00100,U0184,S00341,search_role,21-01-2023,Dashboard,{}
E00101,U0020,S00127,view_heatmap,23-02-2023,Company,{}
E00102,U0169,S00409,view_company,13-04-2023,Dashboard,{}
E00103,U0046,S00412,view_company,28-02-2023,Company,{}
E00104,U0012,S00367,logout,13-03-2023,Dashboard,{}
E00105,U0070,S00271,apply_filter,28-06-2023,Search,{}
E00106,U0017,S00132,apply_filter,20-01-2023,Insights,{}
E00107,U0115,S00093,view_heatmap,22-04-2023,Search,{}
E00108,U0147,S00379,view_heatmap,28-02-2023,Dashboard,{}
E00109,U0154,S00073,view_heatmap,12-03-2023,Dashboard,{}
E00110,U0048,S00411,apply_filter,17-05-2023,Insights,{}
E00111,U0108,S00410,view_company,19-04-2023,Company,{}
E00112,U0052,S00403,login,09-05-2023,Dashboard,{}
E00113,U0096,S00248,view_company,06-06-2023,Dashboard,{}
E00114,U0070,S00348,search_role,25-02-2023,Dashboard,{}
E00115,U0183,S00273,search_role,04-02-2023,Insights,{}
E00116,U0102,S00043,login,03-05-2023,Search,{}
E00117,U0075,S00377,login,11-05-2023,Dashboard,{}
E00118,U0161,S00041,search_role,14-04-2023,Insights,{}
E00119,U0190,S00170,search_role,07-01-2023,Dashboard,{}
E00120,U0151,S00434,view_heatmap,27-01-2023,Company,{}
E00121,U0143,S00212,search_role,01-01-2023,Insights,{}
E00122,U0155,S00493,view_company,21-06-2023,Dashboard,{}
E00123,U0192,S00168,apply_filter,28-03-2023,Insights,{}
E00124,U0179,S00039,view_company,10-02-2023,Dashboard,{}
E00125,U0181,S00369,view_heatmap,03-05-2023,Search,{}
E00126,U0082,S00245,view_heatmap,16-03-2023,Dashboard,{}
E00127,U0092,S00151,apply_filter,11-02-2023,Insights,{}
E00128,U0179,S00111,view_heatmap,27-04-2023,Company,{}
E00129,U0175,S00480,login,10-06-2023,Company,{}
E00130,U0004,S00436,view_heatmap,27-06-2023,Company,{}
E00131,U0135,S00047,view_heatmap,04-03-2023,Dashboard,{}
E00132,U0109,S00063,view_heatmap,14-06-2023,Search,{}
E00133,U0163,S00225,view_heatmap,07-05-2023,Dashboard,{}
E00134,U0048,S00366,view_heatmap,25-06-2023,Company,{}
E00135,U0073,S00069,signup,13-05-2023,Insights,{}
E00136,U0072,S00299,search_role,17-02-2023,Company,{}
E00137,U0116,S00432,search_role,03-01-2023,Insights,{}
E00138,U0173,S00290,search_role,26-04-2023,Search,{}
E00139,U0081,S00296,login,24-06-2023,Insights,{}
E00140,U0081,S00203,view_heatmap,09-04-2023,Dashboard,{}
E00141,U0113,S00061,search_role,26-04-2023,Dashboard,{}
E00142,U0096,S00434,search_role,14-01-2023,Dashboard,{}
E00143,U0072,S00451,search_role,22-04-2023,Insights,{}
E00144,U0147,S00318,view_heatmap,02-03-2023,Dashboard,{}
E00145,U0063,S00314,view_company,08-06-2023,Dashboard,{}
E00146,U0038,S00161,view_heatmap,05-04-2023,Dashboard,{}
E00147,U0067,S00331,view_heatmap,17-01-2023,Search,{}
E00148,U0187,S00016,search_role,04-05-2023,Insights,{}
E00149,U0069,S00338,search_role,24-01-2023,Insights,{}
E00150,U0013,S00094,view_heatmap,26-04-2023,Company,{}
E00151,U0175,S00304,view_heatmap,31-05-2023,Insights,{}
E00152,U0189,S00138,apply_filter,23-03-2023,Search,{}
E00153,U0031,S00338,view_heatmap,19-02-2023,Insights,{}
E00154,U0114,S00038,login,20-03-2023,Search,{}
E00155,U0022,S00127,view_heatmap,20-03-2023,Search,{}
E00156,U0093,S00275,apply_filter,11-03-2023,Insights,{}
E00157,U0171,S00164,login,27-01-2023,Company,{}
E00158,U0067,S00443,logout,15-01-2023,Dashboard,{}
E00159,U0054,S00319,search_role,19-02-2023,Dashboard,{}
E00160,U0138,S00077,logout,05-02-2023,Insights,{}
E00161,U0042,S00174,view_company,08-01-2023,Insights,{}
E00162,U0064,S00387,view_heatmap,20-03-2023,Search,{}
E00163,U0126,S00458,login,11-05-2023,Insights,{}
E00164,U0021,S00358,login,16-02-2023,Search,{}
E00165,U0194,S00321,view_heatmap,15-04-2023,Company,{}
E00166,U0169,S00376,apply_filter,08-04-2023,Insights,{}
E00167,U0152,S00091,view_heatmap,06-04-2023,Dashboard,{}
E00168,U0035,S00238,view_heatmap,09-06-2023,Dashboard,{}
E00169,U0184,S00264,view_heatmap,26-04-2023,Insights,{}
E00170,U0030,S00179,view_company,13-01-2023,Search,{}
E00171,U0057,S00494,login,01-01-2023,Dashboard,{}
E00172,U0047,S00490,signup,03-02-2023,Search,{}
E00173,U0163,S00209,login,20-03-2023,Insights,{}
E00174,U0019,S00073,view_company,19-03-2023,Insights,{}
E00175,U0114,S00390,search_role,01-05-2023,Dashboard,{}
E00176,U0008,S00107,view_heatmap,03-04-2023,Insights,{}
E00177,U0026,S00345,login,08-04-2023,Company,{}
E00178,U0113,S00295,view_heatmap,23-03-2023,Company,{}
E00179,U0071,S00369,login,08-06-2023,Dashboard,{}
E00180,U0030,S00444,view_company,02-06-2023,Company,{}
E00181,U0135,S00284,apply_filter,07-02-2023,Search,{}
E00182,U0067,S00353,view_heatmap,14-01-2023,Dashboard,{}
E00183,U0065,S00182,view_company,16-05-2023,Dashboard,{}
E00184,U0036,S00037,view_heatmap,01-04-2023,Search,{}
E00185,U0025,S00137,apply_filter,23-02-2023,Company,{}
E00186,U0037,S00338,view_company,10-05-2023,Company,{}
E00187,U0001,S00056,view_heatmap,11-04-2023,Company,{}
E00188,U0143,S00187,apply_filter,30-03-2023,Dashboard,{}
E00189,U0037,S00341,view_heatmap,25-02-2023,Dashboard,{}
E00190,U0141,S00258,view_heatmap,04-04-2023,Company,{}
E00191,U0136,S00445,login,03-04-2023,Insights,{}
E00192,U0133,S00058,view_heatmap,25-03-2023,Company,{}
E00193,U0188,S00363,apply_filter,26-03-2023,Search,{}
E00194,U0128,S00123,view_company,22-01-2023,Dashboard,{}
E00195,U0127,S00188,search_role,04-02-2023,Search,{}
E00196,U0001,S00230,view_company,16-01-2023,Search,{}
E00197,U0164,S00168,apply_filter,19-02-2023,Dashboard,{}
E00198,U0035,S00420,login,02-05-2023,Insights,{}
E00199,U0194,S00114,view_heatmap,08-05-2023,Company,{}
E00200,U0191,S00252,login,23-04-2023,Search,{}
E00201,U0104,S00107,search_role,20-06-2023,Dashboard,{}
E00202,U0023,S00037,view_company,17-01-2023,Search,{}
E00203,U0009,S00335,login,21-03-2023,Company,{}
E00204,U0034,S00092,apply_filter,10-05-2023,Insights,{}
E00205,U0174,S00018,search_role,12-05-2023,Insights,{}
E00206,U0128,S00354,search_role,26-03-2023,Insights,{}
E00207,U0004,S00063,view_heatmap,16-06-2023,Dashboard,{}
E00208,U0158,S00150,view_heatmap,04-04-2023,Dashboard,{}
E00209,U0102,S00139,signup,14-05-2023,Insights,{}
E00210,U0075,S00186,view_heatmap,22-03-2023,Company,{}
E00211,U0099,S00185,signup,10-03-2023,Company,{}
E00212,U0072,S00205,search_role,10-03-2023,Dashboard,{}
E00213,U0003,S00260,login,28-05-2023,Insights,{}
E00214,U0142,S00214,view_company,16-01-2023,Company,{}
E00215,U0188,S00256,search_role,20-02-2023,Company,{}
E00216,U0173,S00135,search_role,15-04-2023,Company,{}
E00217,U0034,S00061,view_heatmap,14-06-2023,Dashboard,{}
E00218,U0045,S00363,search_role,19-06-2023,Insights,{}
E00219,U0061,S00310,view_company,07-03-2023,Search,{}
E00220,U0083,S00088,login,09-01-2023,Insights,{}
E00221,U0123,S00324,view_heatmap,17-04-2023,Insights,{}
E00222,U0102,S00476,apply_filter,10-04-2023,Dashboard,{}
E00223,U0016,S00207,login,27-03-2023,Company,{}
E00224,U0066,S00129,login,05-03-2023,Company,{}
E00225,U0168,S00311,view_heatmap,22-01-2023,Dashboard,{}
E00226,U0145,S00003,login,11-06-2023,Dashboard,{}
E00227,U0119,S00462,search_role,06-06-2023,Dashboard,{}
E00228,U0162,S00422,view_heatmap,15-06-2023,Dashboard,{}
E00229,U0124,S00242,view_company,20-04-2023,Dashboard,{}
E00230,U0144,S00121,apply_filter,07-04-2023,Search,{}
E00231,U0102,S00385,search_role,18-01-2023,Insights,{}
E00232,U0188,S00102,search_role,12-03-2023,Insights,{}
E00233,U0066,S00038,view_company,07-05-2023,Insights,{}
E00234,U0194,S00341,view_heatmap,07-04-2023,Company,{}
E00235,U0013,S00496,view_company,01-01-2023,Search,{}
E00236,U0184,S00413,apply_filter,12-05-2023,Insights,{}
E00237,U0111,S00133,apply_filter,04-01-2023,Company,{}
E00238,U0159,S00497,search_role,05-05-2023,Search,{}
E00239,U0034,S00202,view_heatmap,23-03-2023,Search,{}
E00240,U0039,S00348,view_heatmap,27-01-2023,Company,{}
E00241,U0195,S00021,apply_filter,20-06-2023,Search,{}
E00242,U0136,S00242,signup,28-02-2023,Company,{}
E00243,U0120,S00455,apply_filter,01-02-2023,Insights,{}
E00244,U0126,S00451,view_heatmap,10-06-2023,Company,{}
E00245,U0055,S00109,login,28-01-2023,Search,{}
E00246,U0027,S00303,login,16-04-2023,Insights,{}
E00247,U0118,S00084,signup,15-04-2023,Insights,{}
E00248,U0053,S00083,search_role,11-03-2023,Dashboard,{}
E00249,U0039,S00291,view_heatmap,03-03-2023,Dashboard,{}
E00250,U0065,S00452,logout,03-02-2023,Search,{}
E00251,U0145,S00069,search_role,28-03-2023,Company,{}
E00252,U0158,S00129,login,24-04-2023,Company,{}
E00253,U0181,S00196,search_role,16-04-2023,Search,{}
E00254,U0013,S00140,view_company,25-02-2023,Insights,{}
E00255,U0021,S00444,apply_filter,23-04-2023,Search,{}
E00256,U0147,S00283,login,13-01-2023,Search,{}
E00257,U0053,S00312,view_company,18-01-2023,Insights,{}
E00258,U0019,S00234,apply_filter,23-04-2023,Company,{}
E00259,U0057,S00023,login,20-06-2023,Search,{}
E00260,U0025,S00153,login,08-02-2023,Company,{}
E00261,U0031,S00277,search_role,19-06-2023,Search,{}
E00262,U0081,S00061,login,20-03-2023,Insights,{}
E00263,U0183,S00319,apply_filter,26-05-2023,Insights,{}
E00264,U0023,S00378,view_heatmap,31-05-2023,Dashboard,{}
E00265,U0032,S00052,view_company,30-01-2023,Insights,{}
E00266,U0190,S00344,search_role,08-04-2023,Dashboard,{}
E00267,U0074,S00153,login,27-02-2023,Search,{}
E00268,U0010,S00237,login,08-03-2023,Company,{}
E00269,U0200,S00311,search_role,12-03-2023,Insights,{}
E00270,U0054,S00302,apply_filter,26-05-2023,Insights,{}
E00271,U0052,S00032,apply_filter,16-04-2023,Insights,{}
E00272,U0148,S00055,view_heatmap,07-01-2023,Search,{}
E00273,U0160,S00352,view_heatmap,09-02-2023,Dashboard,{}
E00274,U0114,S00389,signup,11-03-2023,Search,{}
E00275,U0014,S00036,search_role,09-03-2023,Company,{}
E00276,U0178,S00110,login,18-02-2023,Search,{}
E00277,U0156,S00490,view_heatmap,21-02-2023,Company,{}
E00278,U0110,S00177,search_role,24-04-2023,Insights,{}
E00279,U0053,S00362,view_company,17-04-2023,Company,{}
E00280,U0152,S00314,view_heatmap,29-01-2023,Company,{}
E00281,U0079,S00295,view_heatmap,29-05-2023,Dashboard,{}
E00282,U0022,S00336,search_role,19-03-2023,Company,{}
E00283,U0030,S00097,search_role,09-01-2023,Company,{}
E00284,U0191,S00369,view_heatmap,24-06-2023,Search,{}
E00285,U0004,S00213,view_company,17-03-2023,Insights,{}
E00286,U0059,S00317,apply_filter,11-02-2023,Search,{}
E00287,U0008,S00137,view_heatmap,28-06-2023,Search,{}
E00288,U0012,S00006,view_heatmap,28-06-2023,Insights,{}
E00289,U0119,S00499,search_role,08-05-2023,Insights,{}
E00290,U0159,S00109,apply_filter,20-01-2023,Company,{}
E00291,U0034,S00035,signup,04-06-2023,Company,{}
E00292,U0082,S00039,search_role,15-06-2023,Dashboard,{}
E00293,U0098,S00150,search_role,13-03-2023,Search,{}
E00294,U0127,S00425,view_heatmap,06-03-2023,Insights,{}
E00295,U0075,S00118,search_role,23-04-2023,Company,{}
E00296,U0105,S00261,view_company,24-01-2023,Insights,{}
E00297,U0049,S00426,signup,08-05-2023,Company,{}
E00298,U0079,S00087,view_heatmap,24-06-2023,Dashboard,{}
E00299,U0185,S00465,view_heatmap,24-03-2023,Dashboard,{}
E00300,U0093,S00076,view_company,04-03-2023,Insights,{}
E00301,U0154,S00471,logout,01-03-2023,Dashboard,{}
E00302,U0018,S00464,view_heatmap,09-04-2023,Insights,{}
E00303,U0096,S00451,apply_filter,03-03-2023,Company,{}
E00304,U0038,S00414,search_role,30-01-2023,Search,{}
E00305,U0087,S00313,search_role,22-01-2023,Dashboard,{}
E00306,U0088,S00383,view_heatmap,06-05-2023,Company,{}
E00307,U0050,S00214,view_heatmap,06-06-2023,Search,{}
E00308,U0008,S00457,view_heatmap,18-06-2023,Search,{}
E00309,U0169,S00285,search_role,11-02-2023,Search,{}
E00310,U0134,S00239,signup,08-04-2023,Company,{}
E00311,U0069,S00165,view_company,31-01-2023,Company,{}
E00312,U0172,S00087,login,07-06-2023,Insights,{}
E00313,U0121,S00141,view_heatmap,22-04-2023,Search,{}
E00314,U0064,S00160,search_role,26-05-2023,Search,{}
E00315,U0157,S00046,apply_filter,02-05-2023,Search,{}
E00316,U0156,S00372,login,17-01-2023,Insights,{}
E00317,U0139,S00495,view_heatmap,07-02-2023,Search,{}
E00318,U0121,S00112,logout,22-05-2023,Company,{}
E00319,U0065,S00407,view_heatmap,20-04-2023,Search,{}
E00320,U0107,S00045,view_heatmap,22-01-2023,Dashboard,{}
E00321,U0147,S00401,apply_filter,25-02-2023,Company,{}
E00322,U0137,S00247,login,29-04-2023,Insights,{}
E00323,U0155,S00104,view_heatmap,27-05-2023,Search,{}
E00324,U0162,S00085,view_heatmap,26-02-2023,Dashboard,{}
E00325,U0172,S00450,view_heatmap,21-06-2023,Insights,{}
E00326,U0196,S00485,view_heatmap,04-02-2023,Insights,{}
E00327,U0100,S00134,login,24-04-2023,Company,{}
E00328,U0082,S00108,view_heatmap,05-05-2023,Insights,{}
E00329,U0143,S00018,signup,09-05-2023,Insights,{}
E00330,U0051,S00094,apply_filter,21-02-2023,Insights,{}
E00331,U0141,S00150,view_heatmap,26-03-2023,Insights,{}
E00332,U0083,S00246,view_heatmap,14-06-2023,Search,{}
E00333,U0177,S00289,view_company,06-03-2023,Search,{}
E00334,U0198,S00414,search_role,28-06-2023,Search,{}
E00335,U0112,S00209,signup,09-05-2023,Search,{}
E00336,U0056,S00126,view_company,21-01-2023,Dashboard,{}
E00337,U0179,S00235,view_heatmap,16-01-2023,Search,{}
E00338,U0165,S00416,login,03-05-2023,Insights,{}
E00339,U0145,S00426,apply_filter,02-03-2023,Search,{}
E00340,U0186,S00499,search_role,23-02-2023,Search,{}
E00341,U0157,S00462,view_heatmap,17-06-2023,Company,{}
E00342,U0161,S00122,view_heatmap,26-01-2023,Insights,{}
E00343,U0060,S00138,search_role,21-03-2023,Search,{}
E00344,U0120,S00495,view_heatmap,06-03-2023,Search,{}
E00345,U0183,S00115,view_company,10-04-2023,Search,{}
E00346,U0138,S00420,view_heatmap,15-03-2023,Dashboard,{}
E00347,U0175,S00162,view_company,20-06-2023,Search,{}
E00348,U0023,S00201,search_role,17-01-2023,Company,{}
E00349,U0149,S00234,apply_filter,01-05-2023,Insights,{}
E00350,U0013,S00028,apply_filter,23-01-2023,Insights,{}
E00351,U0101,S00011,search_role,15-05-2023,Search,{}
E00352,U0161,S00206,view_heatmap,21-06-2023,Search,{}
E00353,U0024,S00167,view_heatmap,12-03-2023,Search,{}
E00354,U0108,S00247,view_heatmap,18-04-2023,Insights,{}
E00355,U0011,S00047,view_company,20-03-2023,Insights,{}
E00356,U0017,S00246,apply_filter,11-06-2023,Dashboard,{}
E00357,U0196,S00127,view_heatmap,15-02-2023,Company,{}
E00358,U0175,S00147,login,19-03-2023,Dashboard,{}
E00359,U0025,S00118,view_heatmap,16-01-2023,Company,{}
E00360,U0094,S00399,search_role,12-03-2023,Dashboard,{}
E00361,U0021,S00382,view_heatmap,06-04-2023,Insights,{}
E00362,U0084,S00412,apply_filter,27-05-2023,Dashboard,{}
E00363,U0140,S00152,logout,02-01-2023,Company,{}
E00364,U0037,S00072,login,10-01-2023,Search,{}
E00365,U0042,S00363,view_heatmap,27-06-2023,Company,{}
E00366,U0145,S00137,view_heatmap,05-05-2023,Search,{}
E00367,U0101,S00175,view_heatmap,22-03-2023,Insights,{}
E00368,U0048,S00289,login,20-05-2023,Company,{}
E00369,U0103,S00446,login,11-03-2023,Dashboard,{}
E00370,U0028,S00481,view_company,30-05-2023,Company,{}
E00371,U0041,S00019,view_heatmap,01-02-2023,Search,{}
E00372,U0099,S00195,view_heatmap,15-04-2023,Insights,{}
E00373,U0047,S00330,view_company,25-03-2023,Dashboard,{}
E00374,U0146,S00424,apply_filter,09-05-2023,Company,{}
E00375,U0105,S00175,login,27-02-2023,Search,{}
E00376,U0124,S00490,search_role,26-05-2023,Dashboard,{}
E00377,U0199,S00449,view_heatmap,14-05-2023,Insights,{}
E00378,U0013,S00413,apply_filter,14-02-2023,Dashboard,{}
E00379,U0141,S00434,apply_filter,07-04-2023,Insights,{}
E00380,U0100,S00354,search_role,23-01-2023,Dashboard,{}
E00381,U0031,S00499,view_heatmap,23-01-2023,Company,{}
E00382,U0130,S00141,apply_filter,03-06-2023,Search,{}
E00383,U0016,S00246,login,15-05-2023,Company,{}
E00384,U0137,S00385,login,20-03-2023,Company,{}
E00385,U0073,S00418,view_heatmap,13-02-2023,Insights,{}
E00386,U0166,S00093,login,27-01-2023,Insights,{}
E00387,U0054,S00432,view_heatmap,26-01-2023,Insights,{}
E00388,U0184,S00239,apply_filter,07-04-2023,Company,{}
E00389,U0100,S00205,view_company,05-02-2023,Dashboard,{}
E00390,U0109,S00048,view_heatmap,19-04-2023,Dashboard,{}
E00391,U0087,S00433,view_heatmap,24-02-2023,Company,{}
E00392,U0173,S00245,view_heatmap,10-03-2023,Company,{}
E00393,U0162,S00320,view_heatmap,02-03-2023,Search,{}
E00394,U0137,S00317,signup,10-05-2023,Insights,{}
E00395,U0008,S00413,view_company,24-02-2023,Insights,{}
E00396,U0007,S00295,view_heatmap,02-05-2023,Company,{}
E00397,U0036,S00128,view_heatmap,07-04-2023,Company,{}
E00398,U0018,S00344,signup,21-03-2023,Dashboard,{}
E00399,U0003,S00282,view_company,28-03-2023,Company,{}
E00400,U0028,S00017,apply_filter,07-02-2023,Dashboard,{}
E00401,U0070,S00071,view_company,29-04-2023,Company,{}
E00402,U0172,S00269,apply_filter,19-03-2023,Search,{}
E00403,U0149,S00325,view_heatmap,06-06-2023,Search,{}
E00404,U0028,S00282,view_heatmap,03-06-2023,Dashboard,{}
E00405,U0054,S00305,search_role,04-02-2023,Insights,{}
E00406,U0182,S00451,view_heatmap,20-03-2023,Search,{}
E00407,U0065,S00007,search_role,08-03-2023,Dashboard,{}
E00408,U0100,S00314,signup,28-03-2023,Company,{}
E00409,U0021,S00305,login,06-06-2023,Company,{}
E00410,U0013,S00103,search_role,03-02-2023,Dashboard,{}
E00411,U0057,S00309,search_role,07-04-2023,Insights,{}
E00412,U0049,S00193,apply_filter,18-06-2023,Dashboard,{}
E00413,U0118,S00241,login,18-06-2023,Dashboard,{}
E00414,U0054,S00062,search_role,31-05-2023,Search,{}
E00415,U0138,S00017,login,12-03-2023,Dashboard,{}
E00416,U0053,S00171,login,03-01-2023,Dashboard,{}
E00417,U0044,S00025,view_heatmap,27-02-2023,Company,{}
E00418,U0047,S00251,login,01-02-2023,Search,{}
E00419,U0053,S00253,view_heatmap,31-01-2023,Company,{}
E00420,U0074,S00387,view_heatmap,23-03-2023,Company,{}
E00421,U0046,S00207,view_heatmap,12-02-2023,Insights,{}
E00422,U0013,S00029,login,15-05-2023,Insights,{}
E00423,U0165,S00117,login,15-04-2023,Search,{}
E00424,U0102,S00491,login,01-01-2023,Search,{}
E00425,U0024,S00416,login,02-03-2023,Insights,{}
E00426,U0002,S00282,search_role,14-01-2023,Insights,{}
E00427,U0081,S00380,view_heatmap,29-06-2023,Insights,{}
E00428,U0100,S00144,view_heatmap,06-01-2023,Insights,{}
E00429,U0142,S00025,view_heatmap,13-04-2023,Insights,{}
E00430,U0138,S00310,search_role,10-01-2023,Company,{}
E00431,U0163,S00156,view_company,12-03-2023,Search,{}
E00432,U0153,S00073,apply_filter,31-03-2023,Company,{}
E00433,U0131,S00120,apply_filter,07-06-2023,Company,{}
E00434,U0111,S00312,view_heatmap,29-05-2023,Dashboard,{}
E00435,U0102,S00321,search_role,06-05-2023,Company,{}
E00436,U0017,S00093,search_role,07-04-2023,Insights,{}
E00437,U0012,S00086,view_heatmap,15-03-2023,Insights,{}
E00438,U0182,S00336,view_heatmap,25-04-2023,Dashboard,{}
E00439,U0116,S00425,view_heatmap,19-06-2023,Dashboard,{}
E00440,U0024,S00499,view_company,20-02-2023,Dashboard,{}
E00441,U0029,S00364,search_role,25-02-2023,Dashboard,{}
E00442,U0171,S00435,apply_filter,10-02-2023,Dashboard,{}
E00443,U0153,S00118,view_heatmap,01-02-2023,Company,{}
E00444,U0122,S00233,view_heatmap,15-01-2023,Dashboard,{}
E00445,U0188,S00199,login,03-03-2023,Company,{}
E00446,U0090,S00206,login,04-06-2023,Search,{}
E00447,U0065,S00413,apply_filter,28-01-2023,Dashboard,{}
E00448,U0084,S00339,search_role,05-03-2023,Dashboard,{}
E00449,U0119,S00147,view_heatmap,10-05-2023,Company,{}
E00450,U0156,S00450,apply_filter,07-05-2023,Search,{}
E00451,U0016,S00425,view_heatmap,05-02-2023,Company,{}
E00452,U0175,S00429,logout,24-04-2023,Company,{}
E00453,U0104,S00271,view_heatmap,13-01-2023,Dashboard,{}
E00454,U0092,S00387,view_heatmap,15-01-2023,Insights,{}
E00455,U0186,S00139,view_heatmap,30-03-2023,Insights,{}
E00456,U0027,S00181,login,22-01-2023,Company,{}
E00457,U0181,S00430,login,15-03-2023,Dashboard,{}
E00458,U0170,S00030,search_role,25-01-2023,Search,{}
E00459,U0187,S00057,view_company,11-04-2023,Insights,{}
E00460,U0175,S00232,apply_filter,25-06-2023,Search,{}
E00461,U0162,S00146,login,20-06-2023,Insights,{}
E00462,U0165,S00435,search_role,27-04-2023,Dashboard,{}
E00463,U0134,S00384,login,15-06-2023,Company,{}
E00464,U0135,S00048,signup,10-02-2023,Search,{}
E00465,U0153,S00194,search_role,22-06-2023,Search,{}
E00466,U0033,S00224,search_role,29-03-2023,Company,{}
E00467,U0055,S00136,login,17-06-2023,Search,{}
E00468,U0186,S00022,signup,20-04-2023,Insights,{}
E00469,U0007,S00006,logout,30-04-2023,Company,{}
E00470,U0057,S00204,signup,07-04-2023,Insights,{}
E00471,U0126,S00239,view_heatmap,25-05-2023,Insights,{}
E00472,U0012,S00185,search_role,26-02-2023,Dashboard,{}
E00473,U0016,S00360,login,10-05-2023,Insights,{}
E00474,U0043,S00292,login,06-04-2023,Dashboard,{}
E00475,U0117,S00335,view_heatmap,01-05-2023,Search,{}
E00476,U0135,S00220,apply_filter,03-03-2023,Search,{}
E00477,U0111,S00116,search_role,17-05-2023,Dashboard,{}
E00478,U0051,S00313,search_role,09-03-2023,Insights,{}
E00479,U0160,S00049,logout,22-03-2023,Company,{}
E00480,U0075,S00173,apply_filter,17-01-2023,Company,{}
E00481,U0008,S00082,view_heatmap,27-04-2023,Dashboard,{}
E00482,U0200,S00322,view_heatmap,19-02-2023,Search,{}
E00483,U0045,S00333,search_role,22-04-2023,Search,{}
E00484,U0059,S00045,search_role,04-04-2023,Company,{}
E00485,U0132,S00335,search_role,17-06-2023,Dashboard,{}
E00486,U0104,S00020,search_role,26-03-2023,Company,{}
E00487,U0195,S00448,signup,29-05-2023,Insights,{}
E00488,U0157,S00221,view_heatmap,26-05-2023,Insights,{}
E00489,U0157,S00123,view_heatmap,06-06-2023,Dashboard,{}
E00490,U0098,S00234,login,01-06-2023,Dashboard,{}
E00491,U0156,S00221,login,15-03-2023,Insights,{}
E00492,U0079,S00323,search_role,19-04-2023,Search,{}
E00493,U0124,S00339,search_role,25-05-2023,Dashboard,{}
E00494,U0172,S00003,view_heatmap,18-01-2023,Insights,{}
E00495,U0004,S00182,view_heatmap,11-02-2023,Insights,{}
E00496,U0090,S00206,view_heatmap,11-04-2023,Search,{}
E00497,U0104,S00320,login,14-02-2023,Search,{}
E00498,U0137,S00040,search_role,23-03-2023,Search,{}
E00499,U0119,S00059,apply_filter,17-01-2023,Search,{}
E00500,U0133,S00439,apply_filter,14-03-2023,Company,{}
E00501,U0056,S00062,search_role,14-01-2023,Search,{}
E00502,U0096,S00132,search_role,26-06-2023,Company,{}
E00503,U0178,S00060,login,06-06-2023,Dashboard,{}
E00504,U0075,S00372,view_heatmap,12-05-2023,Insights,{}
E00505,U0143,S00331,login,23-03-2023,Company,{}
E00506,U0032,S00122,logout,28-05-2023,Dashboard,{}
E00507,U0028,S00479,login,30-04-2023,Dashboard,{}
E00508,U0022,S00107,login,30-04-2023,Company,{}
E00509,U0017,S00096,view_company,16-02-2023,Dashboard,{}
E00510,U0059,S00347,view_company,17-04-2023,Dashboard,{}
E00511,U0090,S00414,apply_filter,18-04-2023,Company,{}
E00512,U0199,S00235,signup,09-01-2023,Dashboard,{}
E00513,U0106,S00386,signup,20-03-2023,Search,{}
E00514,U0185,S00062,view_heatmap,04-06-2023,Search,{}
E00515,U0026,S00256,login,15-01-2023,Insights,{}
E00516,U0025,S00049,signup,19-01-2023,Dashboard,{}
E00517,U0138,S00393,view_heatmap,31-03-2023,Insights,{}
E00518,U0045,S00348,view_company,29-06-2023,Search,{}
E00519,U0083,S00159,view_heatmap,26-01-2023,Search,{}
E00520,U0011,S00124,search_role,03-06-2023,Search,{}
E00521,U0181,S00482,search_role,03-06-2023,Dashboard,{}
E00522,U0200,S00317,view_heatmap,23-06-2023,Dashboard,{}
E00523,U0104,S00207,search_role,02-04-2023,Search,{}
E00524,U0068,S00048,view_heatmap,26-06-2023,Insights,{}
E00525,U0095,S00409,login,23-03-2023,Insights,{}
E00526,U0156,S00420,apply_filter,11-05-2023,Company,{}
E00527,U0065,S00136,login,11-02-2023,Search,{}
E00528,U0049,S00201,logout,19-01-2023,Insights,{}
E00529,U0175,S00250,login,17-01-2023,Search,{}
E00530,U0052,S00314,search_role,10-06-2023,Insights,{}
E00531,U0102,S00357,view_heatmap,17-03-2023,Company,{}
E00532,U0182,S00368,login,26-06-2023,Company,{}
E00533,U0188,S00429,signup,04-03-2023,Search,{}
E00534,U0057,S00318,search_role,11-05-2023,Insights,{}
E00535,U0047,S00295,apply_filter,17-04-2023,Dashboard,{}
E00536,U0159,S00480,apply_filter,18-02-2023,Company,{}
E00537,U0174,S00314,view_heatmap,24-02-2023,Search,{}
E00538,U0026,S00500,apply_filter,03-06-2023,Search,{}
E00539,U0114,S00209,search_role,09-04-2023,Insights,{}
E00540,U0005,S00355,apply_filter,21-02-2023,Search,{}
E00541,U0084,S00485,view_heatmap,10-04-2023,Company,{}
E00542,U0052,S00211,search_role,27-04-2023,Search,{}
E00543,U0105,S00192,apply_filter,28-04-2023,Search,{}
E00544,U0054,S00044,view_heatmap,07-01-2023,Dashboard,{}
E00545,U0161,S00029,apply_filter,15-02-2023,Dashboard,{}
E00546,U0178,S00059,search_role,15-02-2023,Company,{}
E00547,U0166,S00071,login,10-04-2023,Insights,{}
E00548,U0155,S00092,signup,24-05-2023,Dashboard,{}
E00549,U0015,S00265,view_heatmap,01-06-2023,Insights,{}
E00550,U0061,S00383,search_role,23-02-2023,Company,{}
E00551,U0122,S00220,apply_filter,03-03-2023,Dashboard,{}
E00552,U0021,S00390,login,09-05-2023,Insights,{}
E00553,U0046,S00413,apply_filter,18-02-2023,Dashboard,{}
E00554,U0197,S00442,view_company,25-01-2023,Company,{}
E00555,U0134,S00401,login,10-01-2023,Company,{}
E00556,U0038,S00400,view_company,28-04-2023,Dashboard,{}
E00557,U0062,S00215,logout,24-05-2023,Insights,{}
E00558,U0086,S00479,apply_filter,06-06-2023,Search,{}
E00559,U0190,S00387,apply_filter,02-04-2023,Search,{}
E00560,U0078,S00277,logout,14-05-2023,Dashboard,{}
E00561,U0046,S00064,search_role,24-05-2023,Insights,{}
E00562,U0141,S00346,view_heatmap,28-05-2023,Search,{}
E00563,U0003,S00292,apply_filter,21-03-2023,Company,{}
E00564,U0006,S00490,search_role,12-03-2023,Insights,{}
E00565,U0093,S00485,search_role,19-03-2023,Search,{}
E00566,U0008,S00245,view_heatmap,12-02-2023,Insights,{}
E00567,U0172,S00470,apply_filter,03-06-2023,Dashboard,{}
E00568,U0108,S00062,login,31-03-2023,Insights,{}
E00569,U0161,S00426,view_company,19-03-2023,Search,{}
E00570,U0075,S00332,view_heatmap,10-06-2023,Dashboard,{}
E00571,U0077,S00170,login,26-01-2023,Insights,{}
E00572,U0050,S00445,view_heatmap,01-05-2023,Company,{}
E00573,U0011,S00269,signup,14-02-2023,Search,{}
E00574,U0095,S00267,search_role,04-03-2023,Dashboard,{}
E00575,U0156,S00054,view_company,29-06-2023,Insights,{}
E00576,U0070,S00016,apply_filter,09-03-2023,Company,{}
E00577,U0169,S00008,login,03-06-2023,Search,{}
E00578,U0016,S00104,login,02-01-2023,Company,{}
E00579,U0068,S00059,apply_filter,22-05-2023,Insights,{}
E00580,U0099,S00313,view_company,18-04-2023,Insights,{}
E00581,U0048,S00040,view_heatmap,30-01-2023,Dashboard,{}
E00582,U0184,S00237,view_heatmap,18-02-2023,Company,{}
E00583,U0064,S00443,view_heatmap,20-05-2023,Dashboard,{}
E00584,U0187,S00386,view_company,13-02-2023,Search,{}
E00585,U0090,S00094,search_role,10-06-2023,Dashboard,{}
E00586,U0190,S00222,view_heatmap,13-01-2023,Search,{}
E00587,U0076,S00204,view_heatmap,19-03-2023,Insights,{}
E00588,U0139,S00138,view_company,06-05-2023,Insights,{}
E00589,U0101,S00300,signup,08-04-2023,Company,{}
E00590,U0089,S00395,view_heatmap,26-01-2023,Search,{}
E00591,U0018,S00207,search_role,29-05-2023,Insights,{}
E00592,U0019,S00336,login,05-06-2023,Company,{}
E00593,U0055,S00081,login,17-02-2023,Company,{}
E00594,U0102,S00218,apply_filter,17-06-2023,Dashboard,{}
E00595,U0118,S00002,view_company,07-03-2023,Company,{}
E00596,U0154,S00178,apply_filter,28-03-2023,Insights,{}
E00597,U0134,S00396,view_company,20-03-2023,Dashboard,{}
E00598,U0004,S00371,search_role,23-01-2023,Search,{}
E00599,U0108,S00346,apply_filter,22-03-2023,Search,{}
E00600,U0115,S00279,view_heatmap,17-02-2023,Insights,{}
E00601,U0029,S00146,search_role,04-05-2023,Insights,{}
E00602,U0059,S00318,logout,10-05-2023,Dashboard,{}
E00603,U0125,S00224,view_heatmap,25-03-2023,Dashboard,{}
E00604,U0098,S00369,view_heatmap,20-01-2023,Insights,{}
E00605,U0017,S00384,view_heatmap,15-02-2023,Insights,{}
E00606,U0107,S00062,login,11-05-2023,Search,{}
E00607,U0043,S00294,login,12-01-2023,Search,{}
E00608,U0080,S00239,apply_filter,09-02-2023,Search,{}
E00609,U0194,S00195,logout,07-03-2023,Insights,{}
E00610,U0162,S00166,view_heatmap,10-04-2023,Company,{}
E00611,U0008,S00451,login,19-03-2023,Insights,{}
E00612,U0141,S00222,login,16-01-2023,Insights,{}
E00613,U0106,S00061,view_company,24-03-2023,Search,{}
E00614,U0008,S00129,view_heatmap,11-06-2023,Insights,{}
E00615,U0096,S00478,view_heatmap,13-02-2023,Dashboard,{}
E00616,U0094,S00173,view_heatmap,14-05-2023,Insights,{}
E00617,U0065,S00480,view_heatmap,10-04-2023,Insights,{}
E00618,U0171,S00156,view_heatmap,22-01-2023,Insights,{}
E00619,U0039,S00405,view_company,18-01-2023,Insights,{}
E00620,U0081,S00378,search_role,12-01-2023,Company,{}
E00621,U0187,S00110,search_role,29-06-2023,Insights,{}
E00622,U0084,S00269,view_heatmap,03-05-2023,Dashboard,{}
E00623,U0088,S00411,apply_filter,27-04-2023,Dashboard,{}
E00624,U0086,S00356,search_role,20-02-2023,Insights,{}
E00625,U0093,S00391,login,12-03-2023,Search,{}
E00626,U0086,S00278,search_role,17-02-2023,Company,{}
E00627,U0044,S00074,view_heatmap,19-01-2023,Insights,{}
E00628,U0137,S00487,apply_filter,06-01-2023,Insights,{}
E00629,U0165,S00437,view_heatmap,25-03-2023,Insights,{}
E00630,U0074,S00463,logout,04-06-2023,Search,{}
E00631,U0036,S00207,login,22-02-2023,Search,{}
E00632,U0101,S00388,apply_filter,17-04-2023,Search,{}
E00633,U0156,S00480,search_role,11-04-2023,Company,{}
E00634,U0170,S00279,apply_filter,17-02-2023,Dashboard,{}
E00635,U0171,S00375,view_heatmap,15-05-2023,Company,{}
E00636,U0170,S00326,view_heatmap,10-03-2023,Search,{}
E00637,U0104,S00472,apply_filter,11-01-2023,Dashboard,{}
E00638,U0066,S00340,view_heatmap,23-05-2023,Dashboard,{}
E00639,U0055,S00357,view_heatmap,11-05-2023,Search,{}
E00640,U0200,S00340,search_role,02-05-2023,Search,{}
E00641,U0176,S00204,search_role,10-03-2023,Company,{}
E00642,U0091,S00161,view_heatmap,23-01-2023,Search,{}
E00643,U0022,S00028,view_heatmap,06-02-2023,Dashboard,{}
E00644,U0101,S00392,view_heatmap,09-01-2023,Insights,{}
E00645,U0155,S00257,apply_filter,15-01-2023,Search,{}
E00646,U0121,S00165,search_role,11-05-2023,Search,{}
E00647,U0093,S00063,apply_filter,03-04-2023,Company,{}
E00648,U0195,S00022,logout,17-01-2023,Company,{}
E00649,U0108,S00070,view_heatmap,03-06-2023,Search,{}
E00650,U0141,S00381,login,29-05-2023,Dashboard,{}
E00651,U0173,S00405,signup,13-03-2023,Dashboard,{}
E00652,U0010,S00096,view_heatmap,29-05-2023,Insights,{}
E00653,U0009,S00163,view_company,01-05-2023,Search,{}
E00654,U0182,S00079,search_role,11-01-2023,Company,{}
E00655,U0155,S00005,view_heatmap,15-06-2023,Dashboard,{}
E00656,U0034,S00316,view_heatmap,13-03-2023,Insights,{}
E00657,U0129,S00120,search_role,16-04-2023,Search,{}
E00658,U0160,S00302,search_role,05-05-2023,Dashboard,{}
E00659,U0089,S00178,login,04-02-2023,Search,{}
E00660,U0093,S00176,logout,29-04-2023,Search,{}
E00661,U0071,S00390,search_role,14-01-2023,Dashboard,{}
E00662,U0067,S00217,login,14-01-2023,Dashboard,{}
E00663,U0148,S00056,view_company,10-01-2023,Dashboard,{}
E00664,U0117,S00366,login,20-05-2023,Search,{}
E00665,U0094,S00187,view_company,07-02-2023,Search,{}
E00666,U0163,S00232,logout,18-04-2023,Insights,{}
E00667,U0099,S00255,apply_filter,29-04-2023,Company,{}
E00668,U0113,S00413,apply_filter,03-02-2023,Search,{}
E00669,U0103,S00455,view_heatmap,18-06-2023,Company,{}
E00670,U0091,S00104,view_company,10-01-2023,Dashboard,{}
E00671,U0090,S00077,search_role,02-05-2023,Search,{}
E00672,U0017,S00230,apply_filter,25-05-2023,Insights,{}
E00673,U0018,S00402,view_company,25-05-2023,Insights,{}
E00674,U0173,S00258,logout,25-04-2023,Company,{}
E00675,U0116,S00264,apply_filter,01-01-2023,Dashboard,{}
E00676,U0093,S00331,view_heatmap,12-01-2023,Company,{}
E00677,U0181,S00481,logout,13-04-2023,Dashboard,{}
E00678,U0091,S00182,search_role,04-01-2023,Insights,{}
E00679,U0082,S00381,view_company,19-06-2023,Company,{}
E00680,U0068,S00256,search_role,21-05-2023,Insights,{}
E00681,U0193,S00038,view_heatmap,08-04-2023,Insights,{}
E00682,U0114,S00176,view_heatmap,16-04-2023,Dashboard,{}
E00683,U0001,S00027,search_role,26-03-2023,Company,{}
E00684,U0058,S00276,apply_filter,01-05-2023,Company,{}
E00685,U0154,S00140,view_heatmap,12-05-2023,Insights,{}
E00686,U0109,S00299,search_role,23-03-2023,Insights,{}
E00687,U0148,S00445,view_heatmap,19-01-2023,Dashboard,{}
E00688,U0116,S00287,apply_filter,10-05-2023,Search,{}
E00689,U0087,S00091,view_heatmap,12-01-2023,Search,{}
E00690,U0010,S00480,login,22-03-2023,Insights,{}
E00691,U0059,S00061,login,15-03-2023,Search,{}
E00692,U0041,S00458,login,08-04-2023,Search,{}
E00693,U0105,S00451,view_heatmap,06-01-2023,Search,{}
E00694,U0133,S00365,login,16-05-2023,Search,{}
E00695,U0122,S00347,login,05-05-2023,Insights,{}
E00696,U0193,S00163,view_company,20-02-2023,Search,{}
E00697,U0145,S00351,view_company,11-01-2023,Search,{}
E00698,U0022,S00143,view_heatmap,07-05-2023,Dashboard,{}
E00699,U0098,S00400,logout,20-05-2023,Insights,{}
E00700,U0169,S00253,signup,14-03-2023,Company,{}
E00701,U0068,S00269,search_role,02-01-2023,Company,{}
E00702,U0197,S00369,search_role,08-01-2023,Dashboard,{}
E00703,U0139,S00291,view_heatmap,19-05-2023,Dashboard,{}
E00704,U0056,S00500,view_heatmap,04-05-2023,Insights,{}
E00705,U0179,S00459,view_heatmap,22-02-2023,Company,{}
E00706,U0149,S00187,view_heatmap,10-01-2023,Search,{}
E00707,U0099,S00405,apply_filter,22-04-2023,Dashboard,{}
E00708,U0076,S00499,login,08-01-2023,Company,{}
E00709,U0026,S00438,login,05-02-2023,Insights,{}
E00710,U0115,S00459,login,16-04-2023,Search,{}
E00711,U0147,S00414,view_heatmap,14-01-2023,Insights,{}
E00712,U0109,S00304,search_role,27-03-2023,Dashboard,{}
E00713,U0188,S00291,login,29-05-2023,Company,{}
E00714,U0199,S00086,view_company,19-02-2023,Company,{}
E00715,U0047,S00166,view_heatmap,16-06-2023,Company,{}
E00716,U0071,S00415,login,20-01-2023,Company,{}
E00717,U0154,S00462,search_role,28-03-2023,Search,{}
E00718,U0040,S00408,signup,15-05-2023,Search,{}
E00719,U0133,S00114,search_role,17-05-2023,Insights,{}
E00720,U0149,S00433,search_role,09-05-2023,Search,{}
E00721,U0132,S00480,view_heatmap,03-06-2023,Dashboard,{}
E00722,U0023,S00356,signup,15-06-2023,Dashboard,{}
E00723,U0106,S00416,view_heatmap,07-02-2023,Company,{}
E00724,U0084,S00183,login,13-02-2023,Dashboard,{}
E00725,U0143,S00207,login,27-03-2023,Insights,{}
E00726,U0116,S00256,view_heatmap,13-02-2023,Search,{}
E00727,U0109,S00235,view_heatmap,15-03-2023,Search,{}
E00728,U0136,S00442,search_role,29-04-2023,Search,{}
E00729,U0041,S00355,search_role,02-05-2023,Dashboard,{}
E00730,U0112,S00003,search_role,14-05-2023,Search,{}
E00731,U0147,S00208,login,25-05-2023,Company,{}
E00732,U0112,S00197,login,20-02-2023,Company,{}
E00733,U0103,S00341,view_company,07-02-2023,Company,{}
E00734,U0046,S00125,search_role,01-06-2023,Dashboard,{}
E00735,U0156,S00138,view_company,20-02-2023,Search,{}
E00736,U0068,S00339,view_heatmap,10-01-2023,Dashboard,{}
E00737,U0122,S00025,search_role,30-04-2023,Search,{}
E00738,U0015,S00068,search_role,29-05-2023,Insights,{}
E00739,U0165,S00061,view_heatmap,11-03-2023,Insights,{}
E00740,U0129,S00029,view_heatmap,26-03-2023,Dashboard,{}
E00741,U0195,S00383,search_role,26-02-2023,Company,{}
E00742,U0111,S00019,view_heatmap,06-05-2023,Dashboard,{}
E00743,U0024,S00171,view_heatmap,08-02-2023,Company,{}
E00744,U0027,S00450,apply_filter,02-02-2023,Search,{}
E00745,U0040,S00074,view_company,18-01-2023,Company,{}
E00746,U0191,S00061,view_heatmap,26-02-2023,Company,{}
E00747,U0189,S00427,view_heatmap,06-04-2023,Search,{}
E00748,U0164,S00153,login,17-02-2023,Insights,{}
E00749,U0024,S00276,search_role,11-02-2023,Search,{}
E00750,U0024,S00048,view_heatmap,27-01-2023,Dashboard,{}
E00751,U0004,S00211,logout,15-03-2023,Dashboard,{}
E00752,U0067,S00343,view_heatmap,20-04-2023,Dashboard,{}
E00753,U0034,S00408,view_heatmap,29-06-2023,Dashboard,{}
E00754,U0185,S00139,search_role,19-06-2023,Dashboard,{}
E00755,U0177,S00110,apply_filter,01-02-2023,Insights,{}
E00756,U0181,S00482,view_heatmap,26-01-2023,Insights,{}
E00757,U0116,S00183,view_heatmap,25-01-2023,Company,{}
E00758,U0023,S00028,logout,16-03-2023,Dashboard,{}
E00759,U0109,S00197,signup,23-01-2023,Search,{}
E00760,U0069,S00191,view_company,26-02-2023,Dashboard,{}
E00761,U0095,S00315,login,29-06-2023,Insights,{}
E00762,U0181,S00389,apply_filter,06-05-2023,Dashboard,{}
E00763,U0062,S00051,search_role,28-03-2023,Insights,{}
E00764,U0169,S00149,view_heatmap,31-01-2023,Company,{}
E00765,U0057,S00268,view_company,05-03-2023,Company,{}
E00766,U0188,S00050,signup,02-02-2023,Company,{}
E00767,U0054,S00388,view_heatmap,02-01-2023,Insights,{}
E00768,U0070,S00246,search_role,18-01-2023,Dashboard,{}
E00769,U0101,S00113,view_heatmap,24-06-2023,Dashboard,{}
E00770,U0057,S00170,search_role,10-06-2023,Search,{}
E00771,U0138,S00468,signup,25-03-2023,Insights,{}
E00772,U0168,S00166,login,04-02-2023,Search,{}
E00773,U0135,S00409,login,28-06-2023,Company,{}
E00774,U0103,S00014,login,24-04-2023,Dashboard,{}
E00775,U0166,S00203,view_heatmap,26-05-2023,Insights,{}
E00776,U0085,S00288,apply_filter,20-04-2023,Search,{}
E00777,U0061,S00395,view_company,29-03-2023,Search,{}
E00778,U0003,S00189,apply_filter,13-03-2023,Search,{}
E00779,U0128,S00402,login,05-05-2023,Dashboard,{}
E00780,U0179,S00155,view_heatmap,30-01-2023,Dashboard,{}
E00781,U0086,S00055,login,21-06-2023,Dashboard,{}
E00782,U0047,S00182,view_heatmap,22-02-2023,Insights,{}
E00783,U0196,S00210,search_role,18-05-2023,Dashboard,{}
E00784,U0076,S00376,login,28-03-2023,Insights,{}
E00785,U0038,S00471,view_heatmap,29-06-2023,Search,{}
E00786,U0164,S00075,view_company,26-06-2023,Search,{}
E00787,U0169,S00277,view_heatmap,19-05-2023,Company,{}
E00788,U0197,S00428,view_heatmap,13-06-2023,Dashboard,{}
E00789,U0141,S00133,signup,10-06-2023,Search,{}
E00790,U0087,S00343,view_heatmap,24-06-2023,Dashboard,{}
E00791,U0058,S00425,view_company,13-01-2023,Insights,{}
E00792,U0050,S00059,login,09-02-2023,Search,{}
E00793,U0030,S00345,view_heatmap,30-03-2023,Dashboard,{}
E00794,U0190,S00489,signup,09-03-2023,Search,{}
E00795,U0101,S00182,view_heatmap,11-02-2023,Search,{}
E00796,U0025,S00458,signup,27-05-2023,Dashboard,{}
E00797,U0112,S00406,apply_filter,04-04-2023,Search,{}
E00798,U0155,S00339,apply_filter,19-01-2023,Search,{}
E00799,U0179,S00321,apply_filter,23-01-2023,Search,{}
E00800,U0185,S00064,view_heatmap,23-02-2023,Search,{}
E00801,U0126,S00327,apply_filter,06-03-2023,Insights,{}
E00802,U0123,S00260,search_role,20-05-2023,Search,{}
E00803,U0047,S00193,view_heatmap,24-01-2023,Company,{}
E00804,U0118,S00143,search_role,03-02-2023,Search,{}
E00805,U0039,S00104,signup,22-02-2023,Dashboard,{}
E00806,U0016,S00460,login,16-05-2023,Company,{}
E00807,U0022,S00406,apply_filter,18-01-2023,Insights,{}
E00808,U0054,S00214,view_heatmap,26-02-2023,Company,{}
E00809,U0149,S00242,search_role,22-04-2023,Company,{}
E00810,U0200,S00431,view_heatmap,05-01-2023,Company,{}
E00811,U0016,S00209,view_company,03-06-2023,Dashboard,{}
E00812,U0059,S00093,logout,07-06-2023,Dashboard,{}
E00813,U0031,S00430,view_company,13-01-2023,Dashboard,{}
E00814,U0170,S00142,view_heatmap,24-03-2023,Insights,{}
E00815,U0032,S00434,login,29-01-2023,Dashboard,{}
E00816,U0187,S00404,view_heatmap,03-01-2023,Dashboard,{}
E00817,U0162,S00434,signup,31-03-2023,Company,{}
E00818,U0009,S00112,signup,14-04-2023,Dashboard,{}
E00819,U0139,S00417,search_role,03-05-2023,Search,{}
E00820,U0010,S00375,search_role,17-03-2023,Dashboard,{}
E00821,U0017,S00059,logout,10-05-2023,Insights,{}
E00822,U0068,S00043,view_heatmap,18-04-2023,Insights,{}
E00823,U0048,S00207,view_heatmap,05-06-2023,Search,{}
E00824,U0180,S00268,login,23-03-2023,Insights,{}
E00825,U0111,S00296,view_company,18-03-2023,Insights,{}
E00826,U0153,S00118,apply_filter,02-01-2023,Company,{}
E00827,U0123,S00020,apply_filter,07-05-2023,Search,{}
E00828,U0149,S00222,view_company,15-05-2023,Company,{}
E00829,U0101,S00166,search_role,26-01-2023,Company,{}
E00830,U0102,S00131,view_heatmap,29-03-2023,Dashboard,{}
E00831,U0065,S00156,view_heatmap,16-01-2023,Search,{}
E00832,U0191,S00184,search_role,31-05-2023,Dashboard,{}
E00833,U0051,S00090,view_heatmap,17-06-2023,Dashboard,{}
E00834,U0036,S00094,view_heatmap,14-03-2023,Company,{}
E00835,U0081,S00013,view_company,01-02-2023,Insights,{}
E00836,U0127,S00461,logout,15-01-2023,Search,{}
E00837,U0088,S00322,apply_filter,21-05-2023,Insights,{}
E00838,U0194,S00293,apply_filter,05-01-2023,Company,{}
E00839,U0104,S00433,search_role,15-03-2023,Company,{}
E00840,U0015,S00230,login,21-02-2023,Company,{}
E00841,U0096,S00322,login,18-03-2023,Company,{}
E00842,U0167,S00292,search_role,18-06-2023,Company,{}
E00843,U0123,S00438,apply_filter,20-04-2023,Company,{}
E00844,U0198,S00026,signup,27-06-2023,Insights,{}
E00845,U0001,S00075,view_company,23-05-2023,Dashboard,{}
E00846,U0151,S00456,login,16-04-2023,Insights,{}
E00847,U0122,S00364,view_heatmap,07-05-2023,Search,{}
E00848,U0167,S00424,search_role,07-01-2023,Insights,{}
E00849,U0126,S00299,login,09-02-2023,Company,{}
E00850,U0057,S00150,login,05-06-2023,Insights,{}
E00851,U0081,S00148,view_heatmap,09-06-2023,Dashboard,{}
E00852,U0162,S00008,apply_filter,09-04-2023,Search,{}
E00853,U0169,S00029,view_heatmap,23-05-2023,Insights,{}
E00854,U0073,S00296,search_role,26-03-2023,Dashboard,{}
E00855,U0141,S00474,search_role,06-03-2023,Insights,{}
E00856,U0070,S00414,signup,12-05-2023,Search,{}
E00857,U0006,S00209,logout,11-01-2023,Insights,{}
E00858,U0084,S00128,signup,18-04-2023,Company,{}
E00859,U0052,S00340,logout,26-01-2023,Insights,{}
E00860,U0003,S00116,search_role,14-06-2023,Dashboard,{}
E00861,U0081,S00439,logout,31-05-2023,Insights,{}
E00862,U0063,S00144,login,26-03-2023,Dashboard,{}
E00863,U0049,S00430,view_heatmap,17-06-2023,Search,{}
E00864,U0076,S00318,login,31-05-2023,Insights,{}
E00865,U0112,S00235,login,03-05-2023,Search,{}
E00866,U0175,S00007,search_role,24-05-2023,Search,{}
E00867,U0109,S00464,view_heatmap,09-03-2023,Insights,{}
E00868,U0183,S00045,search_role,14-04-2023,Dashboard,{}
E00869,U0192,S00443,login,21-03-2023,Search,{}
E00870,U0065,S00239,view_heatmap,08-06-2023,Search,{}
E00871,U0081,S00440,apply_filter,22-02-2023,Insights,{}
E00872,U0195,S00432,view_heatmap,16-04-2023,Insights,{}
E00873,U0015,S00155,search_role,02-06-2023,Insights,{}
E00874,U0100,S00181,search_role,13-02-2023,Insights,{}
E00875,U0032,S00215,apply_filter,20-05-2023,Insights,{}
E00876,U0096,S00088,view_heatmap,31-03-2023,Company,{}
E00877,U0128,S00256,search_role,11-04-2023,Insights,{}
E00878,U0196,S00073,logout,07-04-2023,Dashboard,{}
E00879,U0146,S00419,apply_filter,09-01-2023,Search,{}
E00880,U0113,S00179,view_heatmap,12-01-2023,Dashboard,{}
E00881,U0083,S00212,search_role,10-03-2023,Dashboard,{}
E00882,U0043,S00293,apply_filter,28-01-2023,Company,{}
E00883,U0116,S00234,search_role,25-02-2023,Insights,{}
E00884,U0163,S00465,signup,09-04-2023,Search,{}
E00885,U0078,S00239,login,20-04-2023,Dashboard,{}
E00886,U0058,S00223,apply_filter,18-03-2023,Insights,{}
E00887,U0033,S00119,view_heatmap,13-04-2023,Insights,{}
E00888,U0014,S00313,apply_filter,16-04-2023,Company,{}
E00889,U0162,S00264,view_heatmap,19-04-2023,Company,{}
E00890,U0189,S00207,search_role,22-04-2023,Company,{}
E00891,U0132,S00095,login,27-02-2023,Search,{}
E00892,U0059,S00373,login,19-03-2023,Dashboard,{}
E00893,U0157,S00222,logout,16-03-2023,Company,{}
E00894,U0083,S00366,view_company,11-02-2023,Company,{}
E00895,U0134,S00276,search_role,15-06-2023,Company,{}
E00896,U0121,S00380,view_heatmap,09-03-2023,Dashboard,{}
E00897,U0177,S00231,search_role,02-02-2023,Dashboard,{}
E00898,U0168,S00309,search_role,12-03-2023,Company,{}
E00899,U0083,S00119,search_role,25-02-2023,Company,{}
E00900,U0193,S00268,login,15-04-2023,Insights,{}
E00901,U0197,S00433,search_role,11-04-2023,Company,{}
E00902,U0027,S00273,apply_filter,20-02-2023,Search,{}
E00903,U0080,S00064,logout,15-03-2023,Search,{}
E00904,U0134,S00298,signup,20-06-2023,Company,{}
E00905,U0013,S00350,apply_filter,01-05-2023,Dashboard,{}
E00906,U0064,S00413,search_role,23-05-2023,Insights,{}
E00907,U0190,S00403,view_heatmap,15-06-2023,Dashboard,{}
E00908,U0147,S00494,login,23-05-2023,Company,{}
E00909,U0080,S00011,view_heatmap,05-01-2023,Search,{}
E00910,U0123,S00098,view_heatmap,24-03-2023,Insights,{}
E00911,U0043,S00434,view_heatmap,20-02-2023,Dashboard,{}
E00912,U0089,S00071,apply_filter,10-01-2023,Dashboard,{}
E00913,U0148,S00364,apply_filter,20-05-2023,Company,{}
E00914,U0095,S00058,search_role,04-01-2023,Insights,{}
E00915,U0196,S00290,view_company,05-04-2023,Search,{}
E00916,U0172,S00251,view_heatmap,26-05-2023,Company,{}
E00917,U0151,S00276,view_heatmap,21-03-2023,Insights,{}
E00918,U0002,S00050,search_role,05-02-2023,Dashboard,{}
E00919,U0120,S00358,login,25-01-2023,Company,{}
E00920,U0022,S00216,view_heatmap,08-04-2023,Dashboard,{}
E00921,U0115,S00394,view_heatmap,13-06-2023,Dashboard,{}
E00922,U0057,S00416,login,11-04-2023,Company,{}
E00923,U0072,S00052,apply_filter,09-01-2023,Company,{}
E00924,U0007,S00271,view_heatmap,02-03-2023,Company,{}
E00925,U0184,S00485,view_heatmap,22-02-2023,Company,{}
E00926,U0119,S00084,signup,26-05-2023,Company,{}
E00927,U0195,S00387,search_role,20-06-2023,Dashboard,{}
E00928,U0114,S00293,view_heatmap,12-06-2023,Search,{}
E00929,U0016,S00126,apply_filter,04-03-2023,Search,{}
E00930,U0083,S00296,view_heatmap,01-05-2023,Company,{}
E00931,U0179,S00072,login,15-04-2023,Dashboard,{}
E00932,U0072,S00296,search_role,04-01-2023,Search,{}
E00933,U0124,S00236,login,03-04-2023,Search,{}
E00934,U0113,S00056,view_heatmap,18-06-2023,Search,{}
E00935,U0012,S00407,view_heatmap,22-06-2023,Dashboard,{}
E00936,U0126,S00360,view_company,27-06-2023,Company,{}
E00937,U0053,S00395,login,28-01-2023,Company,{}
E00938,U0075,S00110,search_role,19-06-2023,Company,{}
E00939,U0133,S00192,login,21-03-2023,Insights,{}
E00940,U0027,S00392,view_heatmap,17-03-2023,Insights,{}
E00941,U0140,S00093,view_heatmap,26-04-2023,Insights,{}
E00942,U0145,S00350,view_company,10-03-2023,Dashboard,{}
E00943,U0134,S00056,view_heatmap,08-04-2023,Search,{}
E00944,U0097,S00060,login,01-01-2023,Search,{}
E00945,U0005,S00138,view_heatmap,16-06-2023,Dashboard,{}
E00946,U0057,S00039,login,06-04-2023,Dashboard,{}
E00947,U0156,S00028,login,17-01-2023,Company,{}
E00948,U0078,S00049,search_role,22-04-2023,Company,{}
E00949,U0069,S00420,login,01-04-2023,Insights,{}
E00950,U0118,S00125,signup,29-03-2023,Insights,{}
E00951,U0120,S00013,apply_filter,12-06-2023,Dashboard,{}
E00952,U0059,S00480,view_heatmap,23-06-2023,Insights,{}
E00953,U0033,S00036,login,19-06-2023,Search,{}
E00954,U0062,S00101,view_heatmap,16-06-2023,Dashboard,{}
E00955,U0050,S00282,search_role,31-03-2023,Dashboard,{}
E00956,U0112,S00086,view_heatmap,18-02-2023,Search,{}
E00957,U0019,S00004,view_heatmap,07-02-2023,Company,{}
E00958,U0197,S00223,login,31-05-2023,Company,{}
E00959,U0123,S00338,search_role,30-05-2023,Search,{}
E00960,U0194,S00448,view_heatmap,12-05-2023,Search,{}
E00961,U0047,S00166,search_role,26-06-2023,Insights,{}
E00962,U0167,S00383,apply_filter,28-02-2023,Dashboard,{}
E00963,U0196,S00344,search_role,09-03-2023,Insights,{}
E00964,U0033,S00383,view_heatmap,10-05-2023,Search,{}
E00965,U0141,S00376,view_heatmap,18-02-2023,Insights,{}
E00966,U0084,S00471,view_heatmap,06-05-2023,Search,{}
E00967,U0182,S00278,login,08-06-2023,Insights,{}
E00968,U0135,S00130,login,21-04-2023,Insights,{}
E00969,U0079,S00031,apply_filter,17-06-2023,Company,{}
E00970,U0014,S00375,view_heatmap,17-02-2023,Search,{}
E00971,U0147,S00011,view_heatmap,20-02-2023,Insights,{}
E00972,U0128,S00476,search_role,12-02-2023,Dashboard,{}
E00973,U0054,S00302,search_role,08-04-2023,Insights,{}
E00974,U0148,S00096,login,26-06-2023,Insights,{}
E00975,U0029,S00190,apply_filter,04-05-2023,Dashboard,{}
E00976,U0024,S00453,login,21-03-2023,Search,{}
E00977,U0082,S00192,apply_filter,21-04-2023,Company,{}
E00978,U0063,S00486,apply_filter,23-05-2023,Company,{}
E00979,U0105,S00266,apply_filter,27-01-2023,Company,{}
E00980,U0057,S00424,search_role,07-06-2023,Dashboard,{}
E00981,U0136,S00128,signup,13-06-2023,Insights,{}
E00982,U0062,S00238,view_heatmap,23-04-2023,Search,{}
E00983,U0157,S00408,search_role,27-03-2023,Insights,{}
E00984,U0017,S00355,view_heatmap,24-04-2023,Company,{}
E00985,U0066,S00428,view_company,04-05-2023,Insights,{}
E00986,U0006,S00112,view_heatmap,18-02-2023,Dashboard,{}
E00987,U0058,S00316,view_heatmap,17-03-2023,Dashboard,{}
E00988,U0069,S00446,view_heatmap,24-02-2023,Search,{}
E00989,U0156,S00343,view_heatmap,25-02-2023,Search,{}
E00990,U0062,S00145,search_role,05-04-2023,Company,{}
E00991,U0169,S00065,apply_filter,13-02-2023,Search,{}
E00992,U0197,S00247,search_role,08-06-2023,Insights,{}
E00993,U0082,S00223,apply_filter,28-03-2023,Dashboard,{}
E00994,U0169,S00479,view_company,25-03-2023,Dashboard,{}
E00995,U0177,S00490,apply_filter,31-05-2023,Dashboard,{}
E00996,U0177,S00313,signup,05-06-2023,Search,{}
E00997,U0071,S00439,apply_filter,16-01-2023,Dashboard,{}
E00998,U0131,S00106,view_heatmap,14-06-2023,Dashboard,{}
E00999,U0010,S00181,login,29-05-2023,Dashboard,{}
E01000,U0098,S00184,search_role,25-05-2023,Company,{}
