user_id,signup_date,user_persona,subscription_plan,last_login_date,quizzes_created,is_active,signup_month,days_since_signup,days_since_last_login
QF1000,03-03-2024,High School Teacher,Free,30-08-2024,7,FALSE,2024-03,181,5
QF1001,03-03-2024,High School Teacher,Enterprise,17-08-2024,65,TRUE,2024-03,181,14
QF1002,03-04-2024,Content Creator,Pro,13-08-2024,15,TRUE,2024-03,180,18
QF1003,03-05-2024,Language Instructor,Free,29-08-2024,8,TRUE,2024-03,179,2
QF1004,03-06-2024,HR Professional,Free,14-08-2024,2,TRUE,2024-03,178,17
QF1005,03-07-2024,High School Teacher,Basic,13-08-2024,9,TRUE,2024-03,177,18
QF1006,03-07-2024,High School Teacher,Free,07-08-2024,1,FALSE,2024-03,177,15
QF1007,03-07-2024,HR Professional,Basic,25-08-2024,15,TRUE,2024-03,177,6
QF1008,03-07-2024,University Professor,Free,28-08-2024,2,TRUE,2024-03,177,3
QF1009,03-08-2024,High School Teacher,Enterprise,18-08-2024,48,TRUE,2024-03,176,13
QF1010,03-08-2024,K-12 Tutor,Free,28-08-2024,3,TRUE,2024-03,176,3
QF1011,03-09-2024,HR Professional,Enterprise,25-09-2024,49,FALSE,2024-03,175,20
QF1012,03-09-2024,High School Teacher,Enterprise,29-09-2024,53,TRUE,2024-03,175,14
QF1013,03-09-2024,Corporate Trainer,Free,13-09-2024,1,TRUE,2024-03,175,19
QF1014,03-10-2024,High School Teacher,Basic,28-10-2024,10,FALSE,2024-03,174,2
QF1015,03-11-2024,HR Professional,Free,11-11-2024,3,TRUE,2024-03,173,4
QF1016,03-11-2024,High School Teacher,Pro,12-11-2024,17,FALSE,2024-03,173,28
QF1017,03-11-2024,Language Instructor,Enterprise,02-12-2024,59,TRUE,2024-03,173,21
QF1018,03-11-2024,K-12 Tutor,Basic,07-11-2024,6,TRUE,2024-03,173,29
QF1019,03-12-2024,High School Teacher,Basic,14-12-2024,9,TRUE,2024-03,172,1
QF1020,03-12-2024,HR Professional,Pro,01-01-2025,22,TRUE,2024-03,172,26
QF1021,26-02-2024,HR Professional,Pro,16-08-2024,25,TRUE,2024-03,171,15
QF1022,02-10-2024,K-12 Tutor,Basic,14-08-2024,6,TRUE,2024-03,171,17
QF1023,06-12-2024,University Professor,Pro,05-08-2024,15,FALSE,2024-03,170,14
QF1024,18-09-2024,HR Professional,Basic,07-08-2024,5,TRUE,2024-03,170,24
QF1025,28-02-2024,K-12 Tutor,Free,13-08-2024,3,FALSE,2024-03,170,22
QF1026,16-02-2024,STEM Educator,Free,21-08-2024,4,FALSE,2024-03,170,19
QF1027,03-02-2024,High School Teacher,Free,15-08-2024,1,TRUE,2024-03,169,16
QF1028,21-02-2024,K-12 Tutor,Free,19-08-2024,1,FALSE,2024-03,169,26
QF1029,28-11-2024,HR Professional,Enterprise,14-08-2024,41,FALSE,2024-03,169,26
QF1030,19-09-2024,High School Teacher,Free,18-08-2024,4,FALSE,2024-03,169,19
QF1031,05-08-2024,University Professor,Enterprise,28-08-2024,48,TRUE,2024-03,168,3
QF1032,26-01-2024,High School Teacher,Basic,29-08-2024,7,TRUE,2024-03,167,2
QF1033,23-09-2024,Corporate Trainer,Enterprise,27-08-2024,48,FALSE,2024-03,167,16
QF1034,05-12-2024,University Professor,Free,02-08-2024,4,TRUE,2024-03,167,29
QF1035,24-04-2024,High School Teacher,Basic,29-08-2024,12,TRUE,2024-03,166,2
QF1036,14-10-2024,Language Instructor,Basic,24-08-2024,6,TRUE,2024-03,165,7
QF1037,08-05-2024,Corporate Trainer,Free,01-08-2024,3,FALSE,2024-03,164,7
QF1038,18-04-2024,Corporate Trainer,Free,09-08-2024,1,FALSE,2024-03,164,16
QF1039,25-03-2024,Corporate Trainer,Basic,26-08-2024,6,FALSE,2024-03,164,8
QF1040,24-09-2024,High School Teacher,Enterprise,29-08-2024,41,TRUE,2024-03,164,2
QF1041,20-03-2024,K-12 Tutor,Basic,04-08-2024,4,TRUE,2024-03,164,27
QF1042,30-03-2024,University Professor,Free,15-08-2024,1,FALSE,2024-03,163,13
QF1043,17-01-2024,High School Teacher,Basic,21-08-2024,7,TRUE,2024-03,162,10
QF1044,07-07-2024,Language Instructor,Free,08-08-2024,7,FALSE,2024-03,162,16
QF1045,12-02-2024,Language Instructor,Free,04-08-2024,5,FALSE,2024-03,162,11
QF1046,29-01-2024,High School Teacher,Free,17-08-2024,2,FALSE,2024-03,161,2
QF1047,15-06-2024,STEM Educator,Free,11-08-2024,3,FALSE,2024-03,160,16
QF1048,04-06-2024,Corporate Trainer,Pro,19-08-2024,16,TRUE,2024-03,160,12
QF1049,11-04-2024,High School Teacher,Free,03-08-2024,5,FALSE,2024-03,160,16
QF1050,03-10-2024,University Professor,Basic,04-08-2024,10,TRUE,2024-03,160,27
QF1051,08-08-2024,K-12 Tutor,Pro,27-08-2024,16,FALSE,2024-03,160,23
QF1052,02-04-2024,K-12 Tutor,Basic,09-08-2024,8,TRUE,2024-03,160,22
QF1053,27-08-2024,High School Teacher,Pro,25-08-2024,19,FALSE,2024-03,159,6
QF1054,31-05-2024,University Professor,Basic,22-08-2024,9,TRUE,2024-03,157,9
QF1055,05-09-2024,High School Teacher,Free,27-08-2024,2,FALSE,2024-03,157,24
QF1056,14-04-2024,HR Professional,Basic,02-08-2024,5,TRUE,2024-03,157,29
QF1057,03-04-2024,Content Creator,Basic,21-08-2024,8,TRUE,2024-03,157,10
QF1058,27-03-2024,Corporate Trainer,Enterprise,21-08-2024,32,FALSE,2024-03,156,18
QF1059,30-07-2024,Corporate Trainer,Enterprise,02-08-2024,46,FALSE,2024-03,155,29
QF1060,19-09-2024,High School Teacher,Free,06-08-2024,2,TRUE,2024-03,155,25
QF1061,12-04-2024,STEM Educator,Basic,17-08-2024,6,FALSE,2024-03,155,30
QF1062,18-06-2024,University Professor,Pro,10-08-2024,16,TRUE,2024-03,154,21
QF1063,25-10-2024,STEM Educator,Free,16-08-2024,3,FALSE,2024-03,153,6
QF1064,04-01-2024,K-12 Tutor,Pro,26-08-2024,29,FALSE,2024-04,152,29
QF1065,04-01-2024,Corporate Trainer,Basic,19-08-2024,9,TRUE,2024-04,152,12
QF1066,04-01-2024,High School Teacher,Basic,10-08-2024,13,TRUE,2024-04,152,21
QF1067,04-02-2024,Content Creator,Free,18-08-2024,3,FALSE,2024-04,151,21
QF1068,04-02-2024,University Professor,Basic,09-08-2024,7,TRUE,2024-04,151,22
QF1069,04-02-2024,K-12 Tutor,Basic,29-08-2024,7,TRUE,2024-04,151,2
QF1070,04-03-2024,University Professor,Basic,01-08-2024,8,TRUE,2024-04,150,30
QF1071,04-04-2024,High School Teacher,Basic,17-08-2024,7,TRUE,2024-04,149,14
QF1072,04-04-2024,University Professor,Free,10-08-2024,3,FALSE,2024-04,149,3
QF1073,04-05-2024,K-12 Tutor,Basic,26-08-2024,5,TRUE,2024-04,148,5
QF1074,04-05-2024,Corporate Trainer,Pro,11-08-2024,13,TRUE,2024-04,148,20
QF1075,04-05-2024,University Professor,Enterprise,03-08-2024,50,TRUE,2024-04,148,28
QF1076,04-05-2024,Corporate Trainer,Free,26-08-2024,6,FALSE,2024-04,148,9
QF1077,04-06-2024,K-12 Tutor,Free,27-08-2024,4,FALSE,2024-04,147,3
QF1078,04-06-2024,University Professor,Pro,05-08-2024,19,TRUE,2024-04,147,26
QF1079,04-06-2024,High School Teacher,Basic,27-08-2024,7,FALSE,2024-04,147,12
QF1080,04-07-2024,K-12 Tutor,Basic,28-08-2024,9,TRUE,2024-04,146,3
QF1081,04-07-2024,Content Creator,Basic,09-08-2024,6,TRUE,2024-04,146,22
QF1082,04-08-2024,High School Teacher,Pro,18-08-2024,15,FALSE,2024-04,145,28
QF1083,04-08-2024,High School Teacher,Free,06-08-2024,1,TRUE,2024-04,145,25
QF1084,04-08-2024,High School Teacher,Pro,12-08-2024,16,TRUE,2024-04,145,19
QF1085,04-09-2024,Language Instructor,Basic,14-09-2024,9,TRUE,2024-04,144,23
QF1086,04-09-2024,Corporate Trainer,Enterprise,25-09-2024,42,TRUE,2024-04,144,4
QF1087,04-09-2024,High School Teacher,Free,29-09-2024,1,TRUE,2024-04,144,20
QF1088,04-09-2024,Content Creator,Free,29-09-2024,4,FALSE,2024-04,144,13
QF1089,04-09-2024,High School Teacher,Enterprise,09-09-2024,63,TRUE,2024-04,144,16
QF1090,04-10-2024,HR Professional,Basic,15-10-2024,7,TRUE,2024-04,143,13
QF1091,04-10-2024,University Professor,Free,06-10-2024,1,FALSE,2024-04,143,18
QF1092,04-10-2024,Language Instructor,Basic,13-10-2024,11,FALSE,2024-04,143,8
QF1093,04-10-2024,HR Professional,Basic,02-11-2024,9,TRUE,2024-04,143,4
QF1094,04-11-2024,STEM Educator,Basic,17-11-2024,10,FALSE,2024-04,142,15
QF1095,04-11-2024,University Professor,Free,05-11-2024,0,FALSE,2024-04,142,6
QF1096,04-11-2024,High School Teacher,Enterprise,06-11-2024,49,FALSE,2024-04,142,18
QF1097,04-12-2024,Corporate Trainer,Basic,09-12-2024,6,FALSE,2024-04,141,9
QF1098,04-12-2024,Content Creator,Free,28-12-2024,2,FALSE,2024-04,141,24
QF1099,04-12-2024,K-12 Tutor,Enterprise,17-12-2024,44,TRUE,2024-04,141,16
QF1100,04-12-2024,High School Teacher,Free,30-12-2024,2,TRUE,2024-04,141,19
QF1101,19-07-2024,Corporate Trainer,Enterprise,06-08-2024,57,TRUE,2024-04,140,25
QF1102,11-11-2024,University Professor,Basic,19-08-2024,8,FALSE,2024-04,140,6
QF1103,27-03-2024,Content Creator,Basic,10-08-2024,3,TRUE,2024-04,140,21
QF1104,01-03-2024,University Professor,Pro,15-08-2024,14,TRUE,2024-04,139,16
QF1105,02-08-2024,High School Teacher,Free,15-08-2024,5,FALSE,2024-04,139,3
QF1106,05-04-2024,Corporate Trainer,Basic,16-08-2024,7,TRUE,2024-04,139,15
QF1107,15-10-2024,University Professor,Basic,13-08-2024,11,FALSE,2024-04,138,21
QF1108,27-04-2024,K-12 Tutor,Basic,26-08-2024,9,TRUE,2024-04,138,5
QF1109,02-06-2024,High School Teacher,Basic,13-08-2024,2,TRUE,2024-04,138,18
QF1110,03-06-2024,STEM Educator,Basic,17-08-2024,7,TRUE,2024-04,138,14
QF1111,02-09-2024,K-12 Tutor,Basic,25-08-2024,4,TRUE,2024-04,137,6
QF1112,06-11-2024,Content Creator,Basic,29-08-2024,7,FALSE,2024-04,137,25
QF1113,17-08-2024,STEM Educator,Basic,29-08-2024,11,TRUE,2024-04,137,2
QF1114,04-11-2024,Corporate Trainer,Basic,17-08-2024,10,TRUE,2024-04,136,14
QF1115,26-10-2024,Language Instructor,Free,04-08-2024,6,FALSE,2024-04,136,4
QF1116,16-01-2024,Corporate Trainer,Enterprise,11-08-2024,64,TRUE,2024-04,135,20
QF1117,07-10-2024,High School Teacher,Free,17-08-2024,5,TRUE,2024-04,135,14
QF1118,20-09-2024,Corporate Trainer,Basic,13-08-2024,9,FALSE,2024-04,134,20
QF1119,02-09-2024,High School Teacher,Basic,22-08-2024,8,FALSE,2024-04,134,22
QF1120,12-04-2024,University Professor,Pro,19-08-2024,21,TRUE,2024-04,134,12
QF1121,19-09-2024,Content Creator,Free,27-08-2024,4,TRUE,2024-04,133,4
QF1122,22-02-2024,High School Teacher,Free,29-08-2024,7,FALSE,2024-04,133,27
QF1123,07-05-2024,Corporate Trainer,Pro,29-08-2024,18,TRUE,2024-04,133,2
QF1124,19-06-2024,High School Teacher,Basic,29-08-2024,9,TRUE,2024-04,133,2
QF1125,24-05-2024,HR Professional,Basic,09-08-2024,7,FALSE,2024-04,133,18
QF1126,18-11-2024,High School Teacher,Free,30-08-2024,1,TRUE,2024-04,133,1
QF1127,27-01-2024,High School Teacher,Basic,05-08-2024,13,FALSE,2024-04,132,27
QF1128,16-01-2024,University Professor,Basic,12-08-2024,3,TRUE,2024-04,132,19
QF1129,10-07-2024,Corporate Trainer,Free,14-08-2024,5,FALSE,2024-04,132,13
QF1130,05-04-2024,HR Professional,Basic,08-08-2024,8,TRUE,2024-04,132,23
QF1131,03-06-2024,K-12 Tutor,Free,01-08-2024,3,FALSE,2024-04,132,25
QF1132,13-03-2024,High School Teacher,Free,15-08-2024,3,FALSE,2024-04,132,16
QF1133,17-11-2024,University Professor,Pro,04-08-2024,19,TRUE,2024-04,131,27
QF1134,16-01-2024,High School Teacher,Free,21-08-2024,0,FALSE,2024-04,131,27
QF1135,13-02-2024,High School Teacher,Pro,18-08-2024,14,TRUE,2024-04,131,13
QF1136,25-09-2024,Corporate Trainer,Basic,04-08-2024,7,TRUE,2024-04,131,27
QF1137,14-03-2024,University Professor,Pro,26-08-2024,22,TRUE,2024-04,131,5
QF1138,23-04-2024,Corporate Trainer,Basic,30-08-2024,6,TRUE,2024-04,130,1
QF1139,26-01-2024,HR Professional,Basic,04-08-2024,7,TRUE,2024-04,130,27
QF1140,06-11-2024,Corporate Trainer,Basic,14-08-2024,9,TRUE,2024-04,129,17
QF1141,17-06-2024,HR Professional,Basic,13-08-2024,5,TRUE,2024-04,129,18
QF1142,23-09-2024,Content Creator,Free,06-08-2024,4,TRUE,2024-04,129,25
QF1143,14-10-2024,Corporate Trainer,Enterprise,13-08-2024,56,TRUE,2024-04,129,18
QF1144,29-01-2024,High School Teacher,Free,04-08-2024,3,FALSE,2024-04,128,4
QF1145,06-05-2024,K-12 Tutor,Pro,18-08-2024,18,TRUE,2024-04,128,13
QF1146,08-02-2024,STEM Educator,Free,27-08-2024,4,FALSE,2024-04,127,8
QF1147,08-08-2024,Content Creator,Free,15-08-2024,4,TRUE,2024-04,127,16
QF1148,22-08-2024,University Professor,Pro,30-08-2024,27,TRUE,2024-04,126,1
QF1149,25-05-2024,STEM Educator,Free,09-08-2024,1,FALSE,2024-04,126,24
QF1150,31-05-2024,Language Instructor,Basic,04-08-2024,10,TRUE,2024-04,126,27
QF1151,20-06-2024,K-12 Tutor,Free,25-08-2024,3,FALSE,2024-04,126,18
QF1152,06-04-2024,Corporate Trainer,Basic,06-08-2024,10,TRUE,2024-04,125,25
QF1153,12-02-2024,HR Professional,Basic,04-08-2024,8,TRUE,2024-04,125,27
QF1154,15-01-2024,High School Teacher,Free,15-08-2024,4,TRUE,2024-04,125,16
QF1155,10-03-2024,HR Professional,Basic,16-08-2024,7,TRUE,2024-04,125,15
QF1156,17-01-2024,HR Professional,Free,06-08-2024,5,FALSE,2024-04,125,20
QF1157,08-01-2024,High School Teacher,Free,28-08-2024,7,FALSE,2024-04,125,30
QF1158,31-10-2024,Language Instructor,Basic,09-08-2024,8,FALSE,2024-04,125,20
QF1159,22-02-2024,Corporate Trainer,Free,14-08-2024,4,FALSE,2024-04,125,10
QF1160,01-11-2024,Language Instructor,Basic,17-08-2024,8,TRUE,2024-04,125,14
QF1161,28-09-2024,Content Creator,Free,30-08-2024,1,FALSE,2024-04,124,14
QF1162,11-02-2024,High School Teacher,Free,11-08-2024,3,FALSE,2024-04,123,12
QF1163,30-03-2024,Content Creator,Free,10-08-2024,6,FALSE,2024-04,123,12
QF1164,05-01-2024,High School Teacher,Basic,29-08-2024,7,TRUE,2024-05,122,2
QF1165,05-01-2024,High School Teacher,Free,07-08-2024,7,TRUE,2024-05,122,24
QF1166,05-01-2024,Corporate Trainer,Pro,04-08-2024,21,TRUE,2024-05,122,27
QF1167,05-02-2024,Corporate Trainer,Basic,27-08-2024,10,TRUE,2024-05,121,4
QF1168,05-02-2024,Content Creator,Free,13-08-2024,1,TRUE,2024-05,121,18
QF1169,05-02-2024,University Professor,Basic,13-08-2024,5,TRUE,2024-05,121,18
QF1170,05-02-2024,Corporate Trainer,Free,04-08-2024,2,FALSE,2024-05,121,21
QF1171,05-02-2024,Corporate Trainer,Free,25-08-2024,0,TRUE,2024-05,121,6
QF1172,05-03-2024,High School Teacher,Free,15-08-2024,1,FALSE,2024-05,120,7
QF1173,05-03-2024,HR Professional,Basic,26-08-2024,7,TRUE,2024-05,120,5
QF1174,05-03-2024,Corporate Trainer,Pro,29-08-2024,20,TRUE,2024-05,120,2
QF1175,05-03-2024,STEM Educator,Free,08-08-2024,2,TRUE,2024-05,120,23
QF1176,05-03-2024,Corporate Trainer,Enterprise,09-08-2024,55,TRUE,2024-05,120,22
QF1177,05-03-2024,University Professor,Pro,10-08-2024,30,TRUE,2024-05,120,21
QF1178,05-04-2024,High School Teacher,Basic,18-08-2024,4,TRUE,2024-05,119,13
QF1179,05-04-2024,High School Teacher,Free,19-08-2024,2,FALSE,2024-05,119,19
QF1180,05-05-2024,Corporate Trainer,Pro,29-08-2024,12,FALSE,2024-05,118,19
QF1181,05-05-2024,University Professor,Enterprise,07-08-2024,54,TRUE,2024-05,118,24
QF1182,05-05-2024,University Professor,Basic,25-08-2024,6,TRUE,2024-05,118,6
QF1183,05-05-2024,Language Instructor,Free,16-08-2024,2,TRUE,2024-05,118,15
QF1184,05-05-2024,Corporate Trainer,Free,12-08-2024,2,TRUE,2024-05,118,19
QF1185,05-05-2024,High School Teacher,Basic,02-08-2024,15,TRUE,2024-05,118,29
QF1186,05-06-2024,University Professor,Basic,13-08-2024,9,TRUE,2024-05,117,18
QF1187,05-07-2024,High School Teacher,Free,16-08-2024,3,FALSE,2024-05,116,2
QF1188,05-07-2024,Corporate Trainer,Basic,27-08-2024,9,TRUE,2024-05,116,4
QF1189,05-07-2024,Corporate Trainer,Enterprise,01-08-2024,48,TRUE,2024-05,116,30
QF1190,05-07-2024,High School Teacher,Free,11-08-2024,1,FALSE,2024-05,116,27
QF1191,05-07-2024,Content Creator,Free,10-08-2024,2,TRUE,2024-05,116,21
QF1192,05-08-2024,STEM Educator,Free,27-08-2024,6,FALSE,2024-05,115,3
QF1193,05-08-2024,University Professor,Basic,11-08-2024,9,TRUE,2024-05,115,20
QF1194,05-08-2024,High School Teacher,Free,11-08-2024,4,FALSE,2024-05,115,4
QF1195,05-08-2024,High School Teacher,Free,13-08-2024,6,TRUE,2024-05,115,18
QF1196,05-08-2024,K-12 Tutor,Free,22-08-2024,1,TRUE,2024-05,115,9
QF1197,05-09-2024,Corporate Trainer,Basic,22-09-2024,10,FALSE,2024-05,114,18
QF1198,05-09-2024,HR Professional,Enterprise,27-09-2024,41,FALSE,2024-05,114,27
QF1199,05-09-2024,STEM Educator,Free,13-09-2024,4,FALSE,2024-05,114,5
QF1200,05-09-2024,Content Creator,Free,20-09-2024,6,FALSE,2024-05,114,14
QF1201,05-09-2024,Content Creator,Basic,11-09-2024,8,TRUE,2024-05,114,17
QF1202,05-09-2024,Corporate Trainer,Basic,28-09-2024,7,FALSE,2024-05,114,7
QF1203,05-09-2024,University Professor,Basic,30-09-2024,6,TRUE,2024-05,114,6
QF1204,05-10-2024,HR Professional,Free,10-10-2024,0,FALSE,2024-05,113,23
QF1205,05-10-2024,Content Creator,Pro,14-10-2024,23,FALSE,2024-05,113,20
QF1206,05-10-2024,Content Creator,Basic,27-10-2024,8,TRUE,2024-05,113,6
QF1207,05-10-2024,High School Teacher,Free,07-10-2024,3,FALSE,2024-05,113,20
QF1208,05-10-2024,STEM Educator,Free,08-10-2024,1,FALSE,2024-05,113,2
QF1209,05-10-2024,Corporate Trainer,Pro,23-10-2024,23,FALSE,2024-05,113,29
QF1210,05-11-2024,High School Teacher,Free,15-11-2024,2,FALSE,2024-05,112,24
QF1211,05-11-2024,HR Professional,Enterprise,19-11-2024,48,TRUE,2024-05,112,16
QF1212,05-11-2024,University Professor,Basic,29-11-2024,10,TRUE,2024-05,112,16
QF1213,05-12-2024,K-12 Tutor,Free,17-12-2024,5,FALSE,2024-05,111,18
QF1214,05-12-2024,Corporate Trainer,Free,08-12-2024,3,FALSE,2024-05,111,26
QF1215,05-12-2024,High School Teacher,Basic,31-12-2024,3,TRUE,2024-05,111,30
QF1216,05-12-2024,Corporate Trainer,Free,19-12-2024,2,FALSE,2024-05,111,11
QF1217,05-12-2024,HR Professional,Free,30-12-2024,3,TRUE,2024-05,111,9
QF1218,24-10-2024,University Professor,Free,29-08-2024,6,TRUE,2024-05,110,2
QF1219,13-09-2024,STEM Educator,Free,30-08-2024,5,TRUE,2024-05,110,1
QF1220,27-02-2024,High School Teacher,Basic,30-08-2024,9,TRUE,2024-05,109,1
QF1221,09-01-2024,University Professor,Enterprise,27-08-2024,50,TRUE,2024-05,109,4
QF1222,04-07-2024,Corporate Trainer,Free,27-08-2024,2,TRUE,2024-05,109,4
QF1223,17-01-2024,Content Creator,Free,05-08-2024,4,FALSE,2024-05,108,27
QF1224,30-01-2024,Language Instructor,Free,01-08-2024,3,FALSE,2024-05,108,15
QF1225,03-02-2024,K-12 Tutor,Basic,06-08-2024,8,FALSE,2024-05,108,28
QF1226,30-08-2024,High School Teacher,Free,25-08-2024,2,FALSE,2024-05,107,25
QF1227,06-12-2024,University Professor,Basic,03-08-2024,4,TRUE,2024-05,107,28
QF1228,25-10-2024,Corporate Trainer,Basic,06-08-2024,7,FALSE,2024-05,106,8
QF1229,21-04-2024,Corporate Trainer,Enterprise,17-08-2024,40,TRUE,2024-05,106,14
QF1230,08-06-2024,Content Creator,Pro,16-08-2024,14,TRUE,2024-05,106,15
QF1231,04-05-2024,High School Teacher,Free,20-08-2024,4,FALSE,2024-05,106,27
QF1232,07-06-2024,University Professor,Basic,30-08-2024,9,TRUE,2024-05,105,1
QF1233,12-05-2024,High School Teacher,Free,20-08-2024,3,FALSE,2024-05,105,4
QF1234,20-06-2024,STEM Educator,Pro,14-08-2024,12,FALSE,2024-05,105,12
QF1235,22-09-2024,High School Teacher,Free,26-08-2024,3,TRUE,2024-05,105,5
QF1236,03-04-2024,High School Teacher,Pro,09-08-2024,22,TRUE,2024-05,104,22
QF1237,29-10-2024,K-12 Tutor,Free,18-08-2024,3,FALSE,2024-05,104,14
QF1238,27-06-2024,Language Instructor,Basic,07-08-2024,2,TRUE,2024-05,102,24
QF1239,22-09-2024,K-12 Tutor,Free,15-08-2024,3,FALSE,2024-05,102,20
QF1240,29-06-2024,Corporate Trainer,Pro,08-08-2024,12,TRUE,2024-05,102,23
QF1241,02-05-2024,HR Professional,Basic,08-08-2024,5,FALSE,2024-05,102,25
QF1242,05-09-2024,High School Teacher,Pro,11-08-2024,25,TRUE,2024-05,102,20
QF1243,24-05-2024,STEM Educator,Free,01-08-2024,6,FALSE,2024-05,101,28
QF1244,12-01-2024,K-12 Tutor,Free,04-08-2024,7,TRUE,2024-05,101,27
QF1245,09-02-2024,STEM Educator,Basic,11-08-2024,9,TRUE,2024-05,101,20
QF1246,21-05-2024,High School Teacher,Free,11-08-2024,3,FALSE,2024-05,101,29
QF1247,18-10-2024,High School Teacher,Free,05-08-2024,3,FALSE,2024-05,101,24
QF1248,03-12-2024,High School Teacher,Free,20-08-2024,2,FALSE,2024-05,100,10
QF1249,16-08-2024,University Professor,Enterprise,23-08-2024,56,TRUE,2024-05,100,8
QF1250,14-03-2024,University Professor,Pro,10-08-2024,21,TRUE,2024-05,99,21
QF1251,08-06-2024,Content Creator,Free,14-08-2024,3,FALSE,2024-05,99,9
QF1252,19-05-2024,High School Teacher,Pro,02-08-2024,13,TRUE,2024-05,99,29
QF1253,10-06-2024,High School Teacher,Free,18-08-2024,0,FALSE,2024-05,99,1
QF1254,27-08-2024,High School Teacher,Pro,14-08-2024,21,TRUE,2024-05,98,17
QF1255,12-04-2024,K-12 Tutor,Free,27-08-2024,6,FALSE,2024-05,98,2
QF1256,26-10-2024,Content Creator,Free,07-08-2024,3,FALSE,2024-05,98,13
QF1257,17-07-2024,University Professor,Pro,18-08-2024,16,TRUE,2024-05,98,13
QF1258,27-06-2024,High School Teacher,Pro,11-08-2024,20,TRUE,2024-05,98,20
QF1259,03-06-2024,HR Professional,Pro,17-08-2024,18,TRUE,2024-05,98,14
QF1260,22-06-2024,Content Creator,Basic,22-08-2024,5,TRUE,2024-05,97,9
QF1261,23-01-2024,High School Teacher,Basic,09-08-2024,0,FALSE,2024-05,97,3
QF1262,28-06-2024,Corporate Trainer,Basic,08-08-2024,5,TRUE,2024-05,97,23
QF1263,25-07-2024,High School Teacher,Basic,03-08-2024,11,TRUE,2024-05,97,28
QF1264,12-10-2024,Language Instructor,Pro,15-08-2024,18,TRUE,2024-05,97,16
QF1265,12-03-2024,K-12 Tutor,Free,26-08-2024,4,FALSE,2024-05,97,19
QF1266,07-12-2024,STEM Educator,Free,05-08-2024,2,FALSE,2024-05,96,2
QF1267,15-07-2024,Content Creator,Basic,14-08-2024,13,FALSE,2024-05,96,22
QF1268,13-10-2024,HR Professional,Free,08-08-2024,5,FALSE,2024-05,96,9
QF1269,18-03-2024,Corporate Trainer,Enterprise,05-08-2024,50,TRUE,2024-05,96,26
QF1270,26-01-2024,High School Teacher,Basic,14-08-2024,4,FALSE,2024-05,96,24
QF1271,01-04-2024,Content Creator,Enterprise,26-08-2024,49,TRUE,2024-05,96,5
QF1272,25-10-2024,Content Creator,Pro,19-08-2024,15,TRUE,2024-05,95,12
QF1273,14-07-2024,Corporate Trainer,Basic,09-08-2024,8,FALSE,2024-05,95,17
QF1274,28-10-2024,K-12 Tutor,Basic,18-08-2024,4,FALSE,2024-05,94,17
QF1275,13-09-2024,Corporate Trainer,Free,21-08-2024,3,FALSE,2024-05,94,20
QF1276,03-07-2024,Content Creator,Free,26-08-2024,2,FALSE,2024-05,94,23
QF1277,09-04-2024,Corporate Trainer,Pro,30-08-2024,18,TRUE,2024-05,94,1
QF1278,23-05-2024,University Professor,Enterprise,12-08-2024,53,FALSE,2024-05,94,12
QF1279,01-05-2024,K-12 Tutor,Free,26-08-2024,2,FALSE,2024-05,94,17
QF1280,07-03-2024,University Professor,Free,08-08-2024,2,FALSE,2024-05,93,17
QF1281,24-04-2024,Corporate Trainer,Free,05-08-2024,2,FALSE,2024-05,93,7
QF1282,18-04-2024,Content Creator,Basic,07-08-2024,7,TRUE,2024-05,92,24
QF1283,19-10-2024,K-12 Tutor,Enterprise,14-08-2024,52,FALSE,2024-05,92,2
QF1284,05-11-2024,High School Teacher,Enterprise,29-08-2024,46,TRUE,2024-05,92,2
QF1285,06-01-2024,K-12 Tutor,Basic,11-08-2024,6,TRUE,2024-06,91,20
QF1286,06-01-2024,K-12 Tutor,Free,27-08-2024,4,FALSE,2024-06,91,24
QF1287,06-01-2024,High School Teacher,Pro,05-08-2024,16,FALSE,2024-06,91,6
QF1288,06-01-2024,Content Creator,Basic,07-08-2024,6,TRUE,2024-06,91,24
QF1289,06-01-2024,HR Professional,Free,23-08-2024,3,TRUE,2024-06,91,8
QF1290,06-01-2024,Corporate Trainer,Free,03-08-2024,4,FALSE,2024-06,91,10
QF1291,06-01-2024,Content Creator,Free,01-08-2024,4,TRUE,2024-06,91,30
QF1292,06-02-2024,High School Teacher,Free,23-08-2024,2,FALSE,2024-06,90,6
QF1293,06-02-2024,High School Teacher,Free,07-08-2024,2,TRUE,2024-06,90,24
QF1294,06-02-2024,Corporate Trainer,Pro,19-08-2024,21,TRUE,2024-06,90,12
QF1295,06-02-2024,High School Teacher,Enterprise,19-08-2024,58,TRUE,2024-06,90,12
QF1296,06-03-2024,HR Professional,Enterprise,12-08-2024,51,TRUE,2024-06,89,19
QF1297,06-03-2024,K-12 Tutor,Basic,02-08-2024,8,TRUE,2024-06,89,29
QF1298,06-03-2024,Language Instructor,Basic,07-08-2024,9,TRUE,2024-06,89,24
QF1299,06-03-2024,HR Professional,Free,12-08-2024,1,FALSE,2024-06,89,6
QF1300,06-03-2024,University Professor,Basic,12-08-2024,7,TRUE,2024-06,89,19
QF1301,06-03-2024,High School Teacher,Free,30-08-2024,1,FALSE,2024-06,89,8
QF1302,06-03-2024,K-12 Tutor,Pro,06-08-2024,25,FALSE,2024-06,89,24
QF1303,06-03-2024,High School Teacher,Free,04-08-2024,2,TRUE,2024-06,89,27
QF1304,06-04-2024,Corporate Trainer,Basic,17-08-2024,11,TRUE,2024-06,88,14
QF1305,06-04-2024,University Professor,Basic,15-08-2024,11,TRUE,2024-06,88,16
QF1306,06-04-2024,K-12 Tutor,Free,01-08-2024,1,TRUE,2024-06,88,30
QF1307,06-04-2024,High School Teacher,Basic,08-08-2024,4,FALSE,2024-06,88,5
QF1308,06-04-2024,High School Teacher,Pro,21-08-2024,16,TRUE,2024-06,88,10
QF1309,06-04-2024,High School Teacher,Free,17-08-2024,3,FALSE,2024-06,88,18
QF1310,06-05-2024,University Professor,Free,25-08-2024,4,TRUE,2024-06,87,6
QF1311,06-05-2024,Corporate Trainer,Basic,05-08-2024,10,FALSE,2024-06,87,23
QF1312,06-05-2024,University Professor,Free,29-08-2024,4,FALSE,2024-06,87,11
QF1313,06-05-2024,Corporate Trainer,Basic,14-08-2024,4,TRUE,2024-06,87,17
QF1314,06-05-2024,K-12 Tutor,Basic,02-08-2024,7,TRUE,2024-06,87,29
QF1315,06-05-2024,University Professor,Pro,12-08-2024,19,FALSE,2024-06,87,18
QF1316,06-06-2024,HR Professional,Pro,30-08-2024,19,TRUE,2024-06,86,1
QF1317,06-06-2024,University Professor,Pro,19-08-2024,27,TRUE,2024-06,86,12
QF1318,06-06-2024,High School Teacher,Pro,23-08-2024,18,TRUE,2024-06,86,8
QF1319,06-07-2024,STEM Educator,Free,09-08-2024,1,FALSE,2024-06,85,13
QF1320,06-07-2024,University Professor,Pro,17-08-2024,21,FALSE,2024-06,85,22
QF1321,06-08-2024,High School Teacher,Free,27-08-2024,1,FALSE,2024-06,84,5
QF1322,06-08-2024,University Professor,Basic,09-08-2024,6,FALSE,2024-06,84,13
QF1323,06-09-2024,High School Teacher,Pro,23-09-2024,24,FALSE,2024-06,83,29
QF1324,06-09-2024,High School Teacher,Basic,15-09-2024,10,TRUE,2024-06,83,10
QF1325,06-09-2024,Language Instructor,Basic,27-09-2024,11,FALSE,2024-06,83,28
QF1326,06-09-2024,University Professor,Free,27-09-2024,3,FALSE,2024-06,83,7
QF1327,06-10-2024,High School Teacher,Free,29-10-2024,5,TRUE,2024-06,82,26
QF1328,06-10-2024,K-12 Tutor,Free,28-10-2024,4,FALSE,2024-06,82,24
QF1329,06-10-2024,K-12 Tutor,Free,21-10-2024,6,FALSE,2024-06,82,28
QF1330,06-10-2024,High School Teacher,Basic,14-10-2024,4,TRUE,2024-06,82,25
QF1331,06-10-2024,HR Professional,Free,14-10-2024,1,FALSE,2024-06,82,7
QF1332,06-11-2024,K-12 Tutor,Free,09-11-2024,7,TRUE,2024-06,81,9
QF1333,06-11-2024,Corporate Trainer,Free,09-11-2024,2,FALSE,2024-06,81,12
QF1334,06-11-2024,Content Creator,Pro,14-11-2024,16,FALSE,2024-06,81,24
QF1335,06-11-2024,Corporate Trainer,Free,29-11-2024,0,FALSE,2024-06,81,17
QF1336,06-11-2024,University Professor,Pro,05-12-2024,21,FALSE,2024-06,81,21
QF1337,06-11-2024,K-12 Tutor,Free,12-11-2024,0,FALSE,2024-06,81,9
QF1338,06-11-2024,Content Creator,Basic,29-11-2024,13,TRUE,2024-06,81,11
QF1339,06-12-2024,High School Teacher,Basic,19-12-2024,12,TRUE,2024-06,80,17
QF1340,06-12-2024,K-12 Tutor,Basic,15-12-2024,9,TRUE,2024-06,80,21
QF1341,06-12-2024,K-12 Tutor,Free,20-12-2024,4,FALSE,2024-06,80,19
QF1342,06-12-2024,High School Teacher,Basic,29-12-2024,13,TRUE,2024-06,80,9
QF1343,06-12-2024,University Professor,Free,01-01-2025,0,FALSE,2024-06,80,14
QF1344,06-12-2024,Corporate Trainer,Free,25-12-2024,7,FALSE,2024-06,80,9
QF1345,03-10-2024,Content Creator,Free,10-08-2024,2,TRUE,2024-06,79,21
QF1346,05-06-2024,Language Instructor,Basic,09-08-2024,10,TRUE,2024-06,79,22
QF1347,14-01-2024,University Professor,Free,19-08-2024,1,FALSE,2024-06,79,10
QF1348,06-08-2024,Corporate Trainer,Free,20-08-2024,1,FALSE,2024-06,79,23
QF1349,24-05-2024,High School Teacher,Enterprise,12-08-2024,49,TRUE,2024-06,79,19
QF1350,05-11-2024,Content Creator,Free,07-08-2024,2,FALSE,2024-06,78,28
QF1351,03-05-2024,University Professor,Basic,29-08-2024,6,TRUE,2024-06,78,2
QF1352,11-04-2024,High School Teacher,Free,26-08-2024,4,FALSE,2024-06,78,30
QF1353,27-08-2024,K-12 Tutor,Free,22-08-2024,2,FALSE,2024-06,78,27
QF1354,10-05-2024,Corporate Trainer,Free,09-08-2024,3,TRUE,2024-06,78,22
QF1355,18-02-2024,Corporate Trainer,Basic,12-08-2024,14,FALSE,2024-06,77,24
QF1356,16-10-2024,Corporate Trainer,Pro,19-08-2024,18,TRUE,2024-06,77,12
QF1357,18-09-2024,Corporate Trainer,Basic,04-08-2024,8,TRUE,2024-06,77,27
QF1358,09-03-2024,K-12 Tutor,Free,29-08-2024,3,FALSE,2024-06,77,12
QF1359,17-07-2024,Corporate Trainer,Free,14-08-2024,2,FALSE,2024-06,77,16
QF1360,04-01-2024,HR Professional,Free,27-08-2024,4,TRUE,2024-06,76,4
QF1361,02-07-2024,Content Creator,Free,29-08-2024,1,TRUE,2024-06,76,2
QF1362,01-05-2024,HR Professional,Pro,28-08-2024,15,FALSE,2024-06,76,18
QF1363,25-10-2024,High School Teacher,Free,06-08-2024,3,FALSE,2024-06,76,22
QF1364,27-04-2024,HR Professional,Pro,18-08-2024,22,TRUE,2024-06,76,13
QF1365,16-05-2024,High School Teacher,Free,17-08-2024,1,FALSE,2024-06,76,16
QF1366,07-12-2024,Corporate Trainer,Enterprise,14-08-2024,32,TRUE,2024-06,76,17
QF1367,28-10-2024,High School Teacher,Free,23-08-2024,4,FALSE,2024-06,75,27
QF1368,23-06-2024,Corporate Trainer,Basic,04-08-2024,7,TRUE,2024-06,75,27
QF1369,29-04-2024,University Professor,Basic,30-08-2024,5,FALSE,2024-06,75,14
QF1370,17-10-2024,Corporate Trainer,Basic,10-08-2024,5,TRUE,2024-06,75,21
QF1371,21-08-2024,Content Creator,Free,03-08-2024,2,TRUE,2024-06,75,28
QF1372,10-04-2024,University Professor,Pro,09-08-2024,18,TRUE,2024-06,74,22
QF1373,04-12-2024,High School Teacher,Basic,28-08-2024,6,TRUE,2024-06,74,3
QF1374,21-05-2024,HR Professional,Basic,03-08-2024,7,TRUE,2024-06,74,28
QF1375,19-05-2024,K-12 Tutor,Basic,17-08-2024,8,TRUE,2024-06,74,14
QF1376,05-06-2024,Content Creator,Basic,10-08-2024,7,TRUE,2024-06,74,21
QF1377,08-10-2024,HR Professional,Enterprise,30-08-2024,43,FALSE,2024-06,74,8
QF1378,06-09-2024,Language Instructor,Free,03-08-2024,1,FALSE,2024-06,74,12
QF1379,06-07-2024,K-12 Tutor,Free,03-08-2024,4,FALSE,2024-06,74,24
QF1380,05-05-2024,K-12 Tutor,Basic,03-08-2024,6,TRUE,2024-06,73,28
QF1381,12-04-2024,High School Teacher,Basic,11-08-2024,9,TRUE,2024-06,73,20
QF1382,04-02-2024,University Professor,Basic,17-08-2024,9,TRUE,2024-06,73,14
QF1383,07-02-2024,High School Teacher,Free,07-08-2024,7,FALSE,2024-06,73,10
QF1384,13-06-2024,Language Instructor,Free,03-08-2024,1,TRUE,2024-06,73,28
QF1385,07-01-2024,HR Professional,Pro,12-08-2024,13,TRUE,2024-06,72,19
QF1386,16-01-2024,Corporate Trainer,Free,25-08-2024,2,FALSE,2024-06,72,12
QF1387,30-11-2024,K-12 Tutor,Basic,01-08-2024,4,TRUE,2024-06,72,30
QF1388,12-07-2024,Corporate Trainer,Free,10-08-2024,6,FALSE,2024-06,72,23
QF1389,18-10-2024,High School Teacher,Free,19-08-2024,3,FALSE,2024-06,72,22
QF1390,13-09-2024,University Professor,Basic,04-08-2024,9,FALSE,2024-06,72,3
QF1391,13-09-2024,Corporate Trainer,Basic,29-08-2024,9,FALSE,2024-06,72,2
QF1392,28-10-2024,Language Instructor,Basic,12-08-2024,7,TRUE,2024-06,72,19
QF1393,19-02-2024,Content Creator,Free,21-08-2024,1,FALSE,2024-06,71,5
QF1394,31-03-2024,K-12 Tutor,Pro,05-08-2024,22,TRUE,2024-06,71,26
QF1395,22-03-2024,University Professor,Basic,22-08-2024,8,TRUE,2024-06,71,9
QF1396,07-01-2024,K-12 Tutor,Basic,12-08-2024,5,TRUE,2024-06,71,19
QF1397,24-11-2024,Corporate Trainer,Free,25-08-2024,4,FALSE,2024-06,71,26
QF1398,15-03-2024,STEM Educator,Free,03-08-2024,7,FALSE,2024-06,71,19
QF1399,14-08-2024,K-12 Tutor,Free,08-08-2024,4,FALSE,2024-06,71,27
QF1400,14-10-2024,HR Professional,Basic,04-08-2024,9,TRUE,2024-06,71,27
QF1401,23-02-2024,University Professor,Free,07-08-2024,7,TRUE,2024-06,70,24
QF1402,15-03-2024,Corporate Trainer,Pro,22-08-2024,22,TRUE,2024-06,70,9
QF1403,18-09-2024,High School Teacher,Pro,27-08-2024,15,TRUE,2024-06,70,4
QF1404,08-04-2024,High School Teacher,Free,09-08-2024,2,TRUE,2024-06,70,22
QF1405,02-06-2024,High School Teacher,Free,16-08-2024,3,FALSE,2024-06,70,26
QF1406,06-05-2024,High School Teacher,Free,05-08-2024,3,TRUE,2024-06,69,26
QF1407,22-07-2024,High School Teacher,Pro,29-08-2024,35,TRUE,2024-06,69,2
QF1408,26-06-2024,High School Teacher,Pro,24-08-2024,28,TRUE,2024-06,69,7
QF1409,02-04-2024,High School Teacher,Free,05-08-2024,2,FALSE,2024-06,69,11
QF1410,27-01-2024,K-12 Tutor,Free,05-08-2024,2,TRUE,2024-06,69,26
QF1411,17-08-2024,K-12 Tutor,Free,16-08-2024,4,FALSE,2024-06,69,10
QF1412,08-07-2024,Language Instructor,Free,01-08-2024,1,FALSE,2024-06,68,13
QF1413,29-01-2024,Corporate Trainer,Pro,02-08-2024,24,TRUE,2024-06,68,29
QF1414,10-04-2024,High School Teacher,Pro,08-08-2024,28,FALSE,2024-06,68,26
QF1415,03-12-2024,Corporate Trainer,Basic,30-08-2024,5,TRUE,2024-06,68,1
QF1416,27-07-2024,Corporate Trainer,Basic,27-08-2024,7,TRUE,2024-06,68,4
QF1417,13-01-2024,University Professor,Basic,02-08-2024,4,TRUE,2024-06,68,29
QF1418,05-02-2024,K-12 Tutor,Free,10-08-2024,4,TRUE,2024-06,68,21
QF1419,03-09-2024,High School Teacher,Free,15-08-2024,5,FALSE,2024-06,67,26
QF1420,12-10-2024,High School Teacher,Basic,11-08-2024,10,FALSE,2024-06,67,11
QF1421,20-10-2024,HR Professional,Free,06-08-2024,4,FALSE,2024-06,67,28
QF1422,19-03-2024,Corporate Trainer,Pro,08-08-2024,16,FALSE,2024-06,67,29
QF1423,26-09-2024,K-12 Tutor,Pro,24-08-2024,21,TRUE,2024-06,67,7
QF1424,15-11-2024,High School Teacher,Pro,01-08-2024,16,TRUE,2024-06,66,30
QF1425,20-04-2024,University Professor,Pro,19-08-2024,13,TRUE,2024-06,66,12
QF1426,01-03-2024,STEM Educator,Basic,20-08-2024,12,TRUE,2024-06,66,11
QF1427,28-07-2024,K-12 Tutor,Basic,14-08-2024,5,TRUE,2024-06,66,17
QF1428,14-04-2024,Content Creator,Free,23-08-2024,4,FALSE,2024-06,66,3
QF1429,01-08-2024,High School Teacher,Free,20-08-2024,0,FALSE,2024-06,65,14
QF1430,17-11-2024,K-12 Tutor,Free,29-08-2024,2,TRUE,2024-06,65,2
QF1431,23-08-2024,K-12 Tutor,Enterprise,16-08-2024,52,FALSE,2024-06,65,22
QF1432,25-06-2024,Corporate Trainer,Free,22-08-2024,2,TRUE,2024-06,65,9
QF1433,15-05-2024,Language Instructor,Free,11-08-2024,2,FALSE,2024-06,64,5
QF1434,31-05-2024,Corporate Trainer,Pro,14-08-2024,22,FALSE,2024-06,64,18
QF1435,29-02-2024,Language Instructor,Free,20-08-2024,0,TRUE,2024-06,64,11
QF1436,01-02-2024,University Professor,Free,26-08-2024,3,FALSE,2024-06,64,30
QF1437,01-12-2024,Content Creator,Free,22-08-2024,3,FALSE,2024-06,64,8
QF1438,14-02-2024,High School Teacher,Pro,13-08-2024,28,FALSE,2024-06,64,29
QF1439,14-05-2024,High School Teacher,Free,27-08-2024,3,FALSE,2024-06,63,11
QF1440,05-08-2024,Content Creator,Free,19-08-2024,1,FALSE,2024-06,63,27
QF1441,28-04-2024,Corporate Trainer,Pro,18-08-2024,31,TRUE,2024-06,63,13
QF1442,24-03-2024,Corporate Trainer,Free,14-08-2024,3,FALSE,2024-06,63,25
QF1443,30-01-2024,High School Teacher,Free,06-08-2024,1,FALSE,2024-06,63,11
QF1444,03-03-2024,High School Teacher,Enterprise,04-08-2024,49,TRUE,2024-06,63,27
QF1445,23-03-2024,HR Professional,Enterprise,06-08-2024,52,TRUE,2024-06,63,25
QF1446,22-07-2024,University Professor,Basic,25-08-2024,8,TRUE,2024-06,63,6
QF1447,27-10-2024,Content Creator,Basic,28-08-2024,6,TRUE,2024-06,62,3
QF1448,21-10-2024,Corporate Trainer,Basic,18-08-2024,7,TRUE,2024-06,62,13
QF1449,07-03-2024,High School Teacher,Free,21-08-2024,2,TRUE,2024-06,62,10
QF1450,26-03-2024,High School Teacher,Basic,09-08-2024,9,FALSE,2024-06,62,3
QF1451,07-01-2024,Content Creator,Free,10-08-2024,3,TRUE,2024-07,61,21
QF1452,07-01-2024,Corporate Trainer,Basic,20-08-2024,4,TRUE,2024-07,61,11
QF1453,07-01-2024,Content Creator,Free,13-08-2024,4,FALSE,2024-07,61,21
QF1454,07-01-2024,Language Instructor,Free,18-08-2024,3,FALSE,2024-07,61,13
QF1455,07-01-2024,High School Teacher,Free,25-08-2024,4,FALSE,2024-07,61,20
QF1456,07-01-2024,University Professor,Basic,26-08-2024,7,FALSE,2024-07,61,27
QF1457,07-01-2024,HR Professional,Enterprise,16-08-2024,41,TRUE,2024-07,61,15
QF1458,07-02-2024,K-12 Tutor,Basic,25-08-2024,6,FALSE,2024-07,60,16
QF1459,07-02-2024,High School Teacher,Basic,19-08-2024,10,TRUE,2024-07,60,12
QF1460,07-02-2024,High School Teacher,Free,12-08-2024,2,FALSE,2024-07,60,15
QF1461,07-03-2024,Language Instructor,Basic,16-08-2024,9,FALSE,2024-07,59,13
QF1462,07-03-2024,HR Professional,Enterprise,14-08-2024,42,TRUE,2024-07,59,17
QF1463,07-03-2024,High School Teacher,Free,25-08-2024,7,FALSE,2024-07,59,4
QF1464,07-03-2024,STEM Educator,Free,09-08-2024,2,FALSE,2024-07,59,9
QF1465,07-03-2024,Corporate Trainer,Basic,14-08-2024,7,TRUE,2024-07,59,17
QF1466,07-03-2024,HR Professional,Pro,13-08-2024,21,FALSE,2024-07,59,4
QF1467,07-03-2024,Content Creator,Basic,25-08-2024,12,TRUE,2024-07,59,6
QF1468,07-04-2024,K-12 Tutor,Basic,09-08-2024,6,FALSE,2024-07,58,13
QF1469,07-04-2024,High School Teacher,Free,12-08-2024,1,FALSE,2024-07,58,14
QF1470,07-04-2024,Corporate Trainer,Basic,08-08-2024,5,FALSE,2024-07,58,17
QF1471,07-04-2024,Corporate Trainer,Basic,15-08-2024,5,TRUE,2024-07,58,16
QF1472,07-04-2024,High School Teacher,Free,27-08-2024,1,FALSE,2024-07,58,16
QF1473,07-04-2024,Language Instructor,Pro,10-08-2024,17,TRUE,2024-07,58,21
QF1474,07-05-2024,High School Teacher,Free,07-08-2024,2,FALSE,2024-07,57,16
QF1475,07-05-2024,University Professor,Enterprise,05-08-2024,41,TRUE,2024-07,57,26
QF1476,07-05-2024,Corporate Trainer,Free,09-08-2024,0,FALSE,2024-07,57,8
QF1477,07-05-2024,K-12 Tutor,Basic,11-08-2024,5,TRUE,2024-07,57,20
QF1478,07-05-2024,High School Teacher,Enterprise,15-08-2024,52,TRUE,2024-07,57,16
QF1479,07-06-2024,University Professor,Basic,24-08-2024,8,TRUE,2024-07,56,7
QF1480,07-06-2024,University Professor,Basic,26-08-2024,11,FALSE,2024-07,56,4
QF1481,07-06-2024,Content Creator,Free,01-08-2024,4,FALSE,2024-07,56,2
QF1482,07-06-2024,K-12 Tutor,Free,04-08-2024,3,FALSE,2024-07,56,13
QF1483,07-06-2024,STEM Educator,Free,17-08-2024,2,FALSE,2024-07,56,26
QF1484,07-06-2024,High School Teacher,Pro,26-08-2024,18,TRUE,2024-07,56,5
QF1485,07-06-2024,Corporate Trainer,Basic,13-08-2024,9,TRUE,2024-07,56,18
QF1486,07-07-2024,University Professor,Pro,19-08-2024,21,FALSE,2024-07,55,27
QF1487,07-08-2024,K-12 Tutor,Basic,03-09-2024,9,TRUE,2024-07,54,30
QF1488,07-08-2024,High School Teacher,Basic,12-08-2024,6,TRUE,2024-07,54,19
QF1489,07-08-2024,High School Teacher,Basic,11-08-2024,7,TRUE,2024-07,54,20
QF1490,07-09-2024,Language Instructor,Basic,13-09-2024,8,TRUE,2024-07,53,16
QF1491,07-09-2024,University Professor,Basic,30-09-2024,5,FALSE,2024-07,53,21
QF1492,07-09-2024,Corporate Trainer,Free,30-09-2024,3,FALSE,2024-07,53,15
QF1493,07-09-2024,K-12 Tutor,Basic,10-09-2024,8,TRUE,2024-07,53,2
QF1494,07-09-2024,Language Instructor,Enterprise,26-09-2024,55,TRUE,2024-07,53,15
QF1495,07-09-2024,HR Professional,Free,20-09-2024,3,FALSE,2024-07,53,4
QF1496,07-09-2024,High School Teacher,Pro,21-09-2024,20,TRUE,2024-07,53,10
QF1497,07-09-2024,High School Teacher,Pro,16-09-2024,24,TRUE,2024-07,53,2
QF1498,07-09-2024,Corporate Trainer,Free,20-09-2024,8,TRUE,2024-07,53,24
QF1499,07-09-2024,High School Teacher,Basic,04-10-2024,9,TRUE,2024-07,53,28
QF1500,07-09-2024,University Professor,Free,27-09-2024,6,FALSE,2024-07,53,25
QF1501,07-10-2024,STEM Educator,Free,18-10-2024,1,FALSE,2024-07,52,24
QF1502,07-10-2024,Corporate Trainer,Free,19-10-2024,4,FALSE,2024-07,52,3
QF1503,07-10-2024,HR Professional,Pro,15-10-2024,24,FALSE,2024-07,52,9
QF1504,07-10-2024,K-12 Tutor,Pro,15-10-2024,22,TRUE,2024-07,52,28
QF1505,07-10-2024,Corporate Trainer,Basic,14-10-2024,9,FALSE,2024-07,52,24
QF1506,07-10-2024,HR Professional,Enterprise,31-10-2024,46,TRUE,2024-07,52,22
QF1507,07-10-2024,High School Teacher,Basic,23-10-2024,8,FALSE,2024-07,52,5
QF1508,07-10-2024,University Professor,Free,15-10-2024,4,FALSE,2024-07,52,22
QF1509,07-10-2024,K-12 Tutor,Basic,24-10-2024,11,FALSE,2024-07,52,23
QF1510,07-11-2024,Language Instructor,Free,14-11-2024,4,TRUE,2024-07,51,24
QF1511,07-11-2024,Language Instructor,Free,16-11-2024,2,TRUE,2024-07,51,13
QF1512,07-11-2024,High School Teacher,Basic,19-11-2024,9,TRUE,2024-07,51,16
QF1513,07-11-2024,STEM Educator,Free,23-11-2024,1,TRUE,2024-07,51,16
QF1514,07-11-2024,K-12 Tutor,Free,02-12-2024,4,FALSE,2024-07,51,16
QF1515,07-11-2024,Corporate Trainer,Basic,06-12-2024,9,TRUE,2024-07,51,5
QF1516,07-11-2024,High School Teacher,Free,15-11-2024,1,FALSE,2024-07,51,7
QF1517,07-12-2024,Language Instructor,Pro,23-12-2024,23,FALSE,2024-07,50,9
QF1518,07-12-2024,High School Teacher,Free,30-12-2024,3,FALSE,2024-07,50,2
QF1519,07-12-2024,Corporate Trainer,Basic,13-12-2024,6,FALSE,2024-07,50,12
QF1520,07-12-2024,High School Teacher,Free,21-12-2024,0,FALSE,2024-07,50,23
QF1521,07-12-2024,University Professor,Pro,17-12-2024,18,TRUE,2024-07,50,1
QF1522,07-12-2024,K-12 Tutor,Basic,25-12-2024,9,TRUE,2024-07,50,8
QF1523,07-12-2024,Corporate Trainer,Enterprise,25-12-2024,59,FALSE,2024-07,50,27
QF1524,07-12-2024,Content Creator,Free,25-12-2024,0,TRUE,2024-07,50,22
QF1525,21-04-2024,Corporate Trainer,Free,22-08-2024,3,TRUE,2024-07,49,9
QF1526,29-09-2024,University Professor,Free,19-08-2024,1,FALSE,2024-07,49,18
QF1527,20-10-2024,High School Teacher,Basic,19-08-2024,9,TRUE,2024-07,49,12
QF1528,22-04-2024,University Professor,Free,15-08-2024,2,FALSE,2024-07,49,21
QF1529,11-04-2024,High School Teacher,Basic,05-08-2024,6,FALSE,2024-07,49,6
QF1530,31-08-2024,STEM Educator,Free,02-08-2024,3,FALSE,2024-07,49,16
QF1531,25-04-2024,Corporate Trainer,Pro,30-08-2024,16,FALSE,2024-07,49,13
QF1532,22-08-2024,University Professor,Basic,08-08-2024,9,TRUE,2024-07,49,23
QF1533,29-01-2024,High School Teacher,Basic,09-08-2024,4,FALSE,2024-07,49,20
QF1534,14-11-2024,STEM Educator,Enterprise,01-08-2024,47,TRUE,2024-07,49,30
QF1535,18-07-2024,High School Teacher,Free,13-08-2024,3,FALSE,2024-07,49,28
QF1536,04-09-2024,STEM Educator,Free,07-08-2024,3,FALSE,2024-07,48,4
QF1537,13-08-2024,High School Teacher,Pro,02-08-2024,22,TRUE,2024-07,48,29
QF1538,12-11-2024,High School Teacher,Free,29-08-2024,3,TRUE,2024-07,48,2
QF1539,02-07-2024,K-12 Tutor,Pro,26-08-2024,18,FALSE,2024-07,48,3
QF1540,01-03-2024,High School Teacher,Free,15-08-2024,4,FALSE,2024-07,48,27
QF1541,13-10-2024,HR Professional,Free,23-08-2024,3,FALSE,2024-07,48,4
QF1542,15-11-2024,Language Instructor,Free,13-08-2024,1,TRUE,2024-07,48,18
QF1543,21-02-2024,K-12 Tutor,Free,16-08-2024,1,FALSE,2024-07,47,24
QF1544,24-01-2024,High School Teacher,Free,20-08-2024,1,TRUE,2024-07,47,11
QF1545,25-09-2024,University Professor,Free,04-08-2024,1,FALSE,2024-07,47,23
QF1546,06-06-2024,Corporate Trainer,Free,23-08-2024,2,FALSE,2024-07,47,1
QF1547,12-10-2024,STEM Educator,Free,16-08-2024,5,FALSE,2024-07,47,2
QF1548,17-07-2024,High School Teacher,Pro,13-08-2024,18,TRUE,2024-07,47,18
QF1549,14-10-2024,Content Creator,Free,15-08-2024,4,FALSE,2024-07,47,6
QF1550,29-07-2024,University Professor,Basic,14-08-2024,13,FALSE,2024-07,46,14
QF1551,18-06-2024,Corporate Trainer,Pro,14-08-2024,18,TRUE,2024-07,46,17
QF1552,10-11-2024,Language Instructor,Basic,14-08-2024,9,TRUE,2024-07,46,17
QF1553,03-08-2024,K-12 Tutor,Free,24-08-2024,3,TRUE,2024-07,46,7
QF1554,20-06-2024,Content Creator,Basic,20-08-2024,11,TRUE,2024-07,46,11
QF1555,29-06-2024,High School Teacher,Free,22-08-2024,0,FALSE,2024-07,46,19
QF1556,12-11-2024,STEM Educator,Free,22-08-2024,3,FALSE,2024-07,46,17
QF1557,20-04-2024,Content Creator,Basic,10-08-2024,9,TRUE,2024-07,46,21
QF1558,28-03-2024,HR Professional,Basic,02-08-2024,9,TRUE,2024-07,46,29
QF1559,09-07-2024,High School Teacher,Basic,18-08-2024,5,FALSE,2024-07,45,2
QF1560,12-03-2024,Corporate Trainer,Pro,03-08-2024,22,TRUE,2024-07,45,28
QF1561,22-08-2024,STEM Educator,Basic,01-08-2024,6,TRUE,2024-07,45,30
QF1562,26-06-2024,Corporate Trainer,Basic,18-08-2024,12,TRUE,2024-07,45,13
QF1563,01-09-2024,Corporate Trainer,Basic,18-08-2024,6,FALSE,2024-07,45,6
QF1564,22-11-2024,K-12 Tutor,Free,24-08-2024,4,TRUE,2024-07,45,7
QF1565,02-10-2024,Corporate Trainer,Basic,27-08-2024,5,FALSE,2024-07,45,28
QF1566,10-11-2024,Corporate Trainer,Pro,22-08-2024,20,TRUE,2024-07,45,9
QF1567,24-01-2024,STEM Educator,Basic,19-08-2024,5,TRUE,2024-07,45,12
QF1568,22-11-2024,HR Professional,Free,19-08-2024,3,FALSE,2024-07,44,16
QF1569,31-10-2024,Corporate Trainer,Free,09-08-2024,0,FALSE,2024-07,44,12
QF1570,06-07-2024,High School Teacher,Pro,14-08-2024,14,TRUE,2024-07,44,17
QF1571,29-07-2024,Corporate Trainer,Pro,05-08-2024,17,TRUE,2024-07,44,26
QF1572,01-10-2024,High School Teacher,Free,26-08-2024,3,FALSE,2024-07,44,25
QF1573,06-07-2024,High School Teacher,Free,05-08-2024,5,FALSE,2024-07,44,28
QF1574,29-10-2024,Content Creator,Free,23-08-2024,4,TRUE,2024-07,43,8
QF1575,04-12-2024,University Professor,Enterprise,09-08-2024,35,TRUE,2024-07,43,22
QF1576,04-01-2024,Language Instructor,Basic,16-08-2024,7,TRUE,2024-07,43,15
QF1577,31-08-2024,STEM Educator,Free,24-08-2024,1,FALSE,2024-07,43,17
QF1578,16-09-2024,K-12 Tutor,Pro,05-08-2024,21,FALSE,2024-07,43,23
QF1579,13-06-2024,K-12 Tutor,Pro,30-08-2024,19,TRUE,2024-07,43,1
QF1580,11-10-2024,K-12 Tutor,Pro,03-08-2024,22,TRUE,2024-07,42,28
QF1581,23-07-2024,University Professor,Free,16-08-2024,4,FALSE,2024-07,42,3
QF1582,03-05-2024,Content Creator,Basic,14-08-2024,5,TRUE,2024-07,42,17
QF1583,27-10-2024,STEM Educator,Free,03-08-2024,1,FALSE,2024-07,42,24
QF1584,30-10-2024,Content Creator,Free,14-08-2024,1,FALSE,2024-07,42,7
QF1585,28-11-2024,High School Teacher,Free,30-08-2024,3,FALSE,2024-07,42,15
QF1586,26-03-2024,Language Instructor,Free,01-08-2024,5,FALSE,2024-07,42,20
QF1587,08-06-2024,University Professor,Enterprise,07-08-2024,45,TRUE,2024-07,42,24
QF1588,14-05-2024,Content Creator,Pro,12-08-2024,28,TRUE,2024-07,41,19
QF1589,25-03-2024,Content Creator,Basic,11-08-2024,9,TRUE,2024-07,41,20
QF1590,23-05-2024,Corporate Trainer,Pro,28-08-2024,16,TRUE,2024-07,41,3
QF1591,17-11-2024,Content Creator,Free,07-08-2024,3,FALSE,2024-07,41,9
QF1592,08-01-2024,High School Teacher,Free,09-08-2024,2,TRUE,2024-07,41,22
QF1593,11-04-2024,University Professor,Free,19-08-2024,3,TRUE,2024-07,41,12
QF1594,07-12-2024,K-12 Tutor,Free,03-08-2024,3,FALSE,2024-07,41,27
QF1595,19-03-2024,K-12 Tutor,Basic,26-08-2024,11,TRUE,2024-07,41,5
QF1596,03-10-2024,University Professor,Enterprise,10-08-2024,54,TRUE,2024-07,41,21
QF1597,22-07-2024,HR Professional,Basic,29-08-2024,7,TRUE,2024-07,40,2
QF1598,04-05-2024,STEM Educator,Basic,11-08-2024,6,TRUE,2024-07,40,20
QF1599,05-04-2024,Content Creator,Basic,02-08-2024,8,TRUE,2024-07,40,29
QF1600,25-02-2024,Corporate Trainer,Pro,12-08-2024,13,TRUE,2024-07,40,19
QF1601,11-02-2024,University Professor,Free,28-08-2024,0,FALSE,2024-07,40,3
QF1602,10-04-2024,High School Teacher,Pro,15-08-2024,14,TRUE,2024-07,40,16
QF1603,04-12-2024,K-12 Tutor,Free,09-08-2024,0,FALSE,2024-07,40,8
QF1604,06-09-2024,Content Creator,Free,29-08-2024,5,FALSE,2024-07,40,20
QF1605,02-10-2024,Language Instructor,Pro,05-08-2024,18,TRUE,2024-07,40,26
QF1606,28-08-2024,Language Instructor,Enterprise,22-08-2024,50,FALSE,2024-07,40,19
QF1607,14-02-2024,University Professor,Enterprise,14-08-2024,41,TRUE,2024-07,40,17
QF1608,17-10-2024,University Professor,Free,15-08-2024,2,TRUE,2024-07,40,16
QF1609,08-01-2024,Corporate Trainer,Free,13-08-2024,2,TRUE,2024-07,40,18
QF1610,20-02-2024,University Professor,Basic,22-08-2024,7,TRUE,2024-07,40,9
QF1611,02-11-2024,HR Professional,Enterprise,02-08-2024,39,FALSE,2024-07,39,28
QF1612,11-01-2024,STEM Educator,Basic,14-08-2024,6,TRUE,2024-07,39,17
QF1613,23-04-2024,Corporate Trainer,Basic,24-08-2024,12,TRUE,2024-07,39,7
QF1614,08-06-2024,Content Creator,Free,17-08-2024,3,TRUE,2024-07,39,14
QF1615,13-05-2024,Corporate Trainer,Pro,19-08-2024,21,TRUE,2024-07,39,12
QF1616,04-11-2024,HR Professional,Free,05-08-2024,2,FALSE,2024-07,39,18
QF1617,22-09-2024,High School Teacher,Basic,18-08-2024,11,TRUE,2024-07,38,13
QF1618,28-02-2024,Corporate Trainer,Basic,19-08-2024,12,TRUE,2024-07,38,12
QF1619,13-06-2024,Content Creator,Free,27-08-2024,0,TRUE,2024-07,38,4
QF1620,13-07-2024,University Professor,Basic,04-08-2024,8,TRUE,2024-07,38,27
QF1621,20-05-2024,STEM Educator,Free,18-08-2024,3,FALSE,2024-07,38,13
QF1622,12-02-2024,K-12 Tutor,Free,12-08-2024,4,FALSE,2024-07,38,7
QF1623,28-01-2024,HR Professional,Basic,24-08-2024,5,FALSE,2024-07,38,20
QF1624,26-02-2024,K-12 Tutor,Basic,16-08-2024,6,TRUE,2024-07,38,15
QF1625,28-01-2024,University Professor,Basic,15-08-2024,10,TRUE,2024-07,38,16
QF1626,09-05-2024,University Professor,Pro,10-08-2024,17,FALSE,2024-07,38,27
QF1627,28-03-2024,Content Creator,Free,28-08-2024,4,TRUE,2024-07,37,3
QF1628,20-07-2024,HR Professional,Free,21-08-2024,5,TRUE,2024-07,37,10
QF1629,28-03-2024,K-12 Tutor,Pro,06-08-2024,15,TRUE,2024-07,37,25
QF1630,05-03-2024,Corporate Trainer,Free,15-08-2024,4,FALSE,2024-07,37,6
QF1631,12-06-2024,K-12 Tutor,Basic,02-08-2024,4,FALSE,2024-07,37,16
QF1632,04-06-2024,Corporate Trainer,Basic,08-08-2024,10,FALSE,2024-07,37,25
QF1633,11-07-2024,K-12 Tutor,Pro,07-08-2024,21,TRUE,2024-07,37,24
QF1634,29-11-2024,Corporate Trainer,Basic,23-08-2024,4,TRUE,2024-07,37,8
QF1635,04-11-2024,Corporate Trainer,Free,09-08-2024,3,FALSE,2024-07,37,20
QF1636,25-05-2024,High School Teacher,Pro,23-08-2024,20,TRUE,2024-07,36,8
QF1637,07-04-2024,High School Teacher,Basic,17-08-2024,5,TRUE,2024-07,36,14
QF1638,17-05-2024,University Professor,Free,07-08-2024,4,FALSE,2024-07,36,9
QF1639,24-01-2024,Content Creator,Free,07-08-2024,3,FALSE,2024-07,36,1
QF1640,19-01-2024,STEM Educator,Free,21-08-2024,2,TRUE,2024-07,36,10
QF1641,10-03-2024,K-12 Tutor,Basic,06-08-2024,12,FALSE,2024-07,36,21
QF1642,07-03-2024,University Professor,Pro,13-08-2024,23,TRUE,2024-07,36,18
QF1643,08-06-2024,High School Teacher,Free,14-08-2024,4,FALSE,2024-07,36,12
QF1644,27-05-2024,High School Teacher,Enterprise,16-08-2024,47,TRUE,2024-07,36,15
QF1645,25-01-2024,University Professor,Pro,18-08-2024,22,TRUE,2024-07,36,13
QF1646,08-02-2024,University Professor,Basic,30-08-2024,7,FALSE,2024-07,36,27
QF1647,23-04-2024,High School Teacher,Basic,08-08-2024,8,TRUE,2024-07,35,23
QF1648,09-08-2024,Language Instructor,Pro,09-08-2024,24,TRUE,2024-07,35,22
QF1649,11-10-2024,HR Professional,Basic,02-08-2024,6,TRUE,2024-07,35,29
QF1650,31-10-2024,High School Teacher,Free,25-08-2024,2,FALSE,2024-07,35,3
QF1651,26-10-2024,High School Teacher,Basic,08-08-2024,6,FALSE,2024-07,35,23
QF1652,30-11-2024,K-12 Tutor,Basic,04-08-2024,8,TRUE,2024-07,35,27
QF1653,08-01-2024,K-12 Tutor,Free,15-08-2024,2,TRUE,2024-07,35,16
QF1654,16-01-2024,K-12 Tutor,Pro,21-08-2024,11,TRUE,2024-07,35,10
QF1655,20-05-2024,HR Professional,Free,04-08-2024,3,FALSE,2024-07,35,23
QF1656,04-09-2024,Corporate Trainer,Free,18-08-2024,2,FALSE,2024-07,35,24
QF1657,16-10-2024,Corporate Trainer,Enterprise,05-08-2024,43,TRUE,2024-07,35,26
QF1658,05-05-2024,Content Creator,Basic,01-08-2024,8,FALSE,2024-07,35,28
QF1659,05-11-2024,Corporate Trainer,Basic,03-08-2024,9,TRUE,2024-07,34,28
QF1660,28-04-2024,K-12 Tutor,Pro,13-08-2024,19,FALSE,2024-07,34,12
QF1661,03-04-2024,K-12 Tutor,Free,09-08-2024,2,FALSE,2024-07,34,1
QF1662,17-09-2024,High School Teacher,Free,11-08-2024,2,TRUE,2024-07,34,20
QF1663,10-03-2024,High School Teacher,Basic,18-08-2024,7,TRUE,2024-07,34,13
QF1664,22-09-2024,K-12 Tutor,Basic,24-08-2024,8,TRUE,2024-07,34,7
QF1665,25-01-2024,K-12 Tutor,Basic,28-08-2024,12,FALSE,2024-07,34,10
QF1666,17-05-2024,Content Creator,Pro,25-08-2024,29,FALSE,2024-07,34,12
QF1667,20-05-2024,HR Professional,Pro,23-08-2024,16,TRUE,2024-07,34,8
QF1668,05-07-2024,University Professor,Enterprise,17-08-2024,53,FALSE,2024-07,33,25
QF1669,02-06-2024,University Professor,Pro,25-08-2024,22,TRUE,2024-07,33,6
QF1670,16-11-2024,HR Professional,Free,11-08-2024,3,FALSE,2024-07,33,19
QF1671,06-09-2024,High School Teacher,Pro,17-08-2024,17,FALSE,2024-07,33,22
QF1672,04-02-2024,STEM Educator,Free,06-08-2024,6,FALSE,2024-07,33,5
QF1673,20-04-2024,STEM Educator,Enterprise,19-08-2024,42,TRUE,2024-07,33,12
QF1674,29-08-2024,High School Teacher,Free,17-08-2024,2,FALSE,2024-07,33,30
QF1675,14-09-2024,University Professor,Enterprise,05-08-2024,53,TRUE,2024-07,32,26
QF1676,20-08-2024,High School Teacher,Enterprise,18-08-2024,57,TRUE,2024-07,32,13
QF1677,02-07-2024,High School Teacher,Free,16-08-2024,3,FALSE,2024-07,32,4
QF1678,04-05-2024,HR Professional,Basic,02-08-2024,7,TRUE,2024-07,32,29
QF1679,30-04-2024,STEM Educator,Basic,03-08-2024,10,TRUE,2024-07,32,28
QF1680,05-08-2024,High School Teacher,Pro,29-08-2024,16,TRUE,2024-07,32,2
QF1681,13-07-2024,Content Creator,Free,20-08-2024,5,FALSE,2024-07,32,1
QF1682,12-06-2024,Content Creator,Free,04-08-2024,0,TRUE,2024-07,32,27
QF1683,20-10-2024,High School Teacher,Basic,21-08-2024,5,TRUE,2024-07,32,10
QF1684,25-04-2024,Content Creator,Free,04-08-2024,3,TRUE,2024-07,32,27
QF1685,09-10-2024,K-12 Tutor,Pro,18-08-2024,19,FALSE,2024-07,31,10
QF1686,17-07-2024,HR Professional,Pro,20-08-2024,19,FALSE,2024-07,31,27
QF1687,26-06-2024,High School Teacher,Basic,08-08-2024,12,FALSE,2024-07,31,25
QF1688,04-12-2024,High School Teacher,Pro,22-08-2024,18,TRUE,2024-07,31,9
QF1689,18-02-2024,Corporate Trainer,Basic,04-08-2024,7,TRUE,2024-07,31,27
QF1690,17-06-2024,High School Teacher,Free,10-08-2024,4,FALSE,2024-07,31,24
QF1691,16-09-2024,STEM Educator,Basic,04-08-2024,8,FALSE,2024-07,31,9
QF1692,29-06-2024,K-12 Tutor,Basic,07-08-2024,8,TRUE,2024-07,31,24
QF1693,08-01-2024,High School Teacher,Free,03-08-2024,2,FALSE,2024-08,30,5
QF1694,08-01-2024,HR Professional,Enterprise,05-08-2024,47,TRUE,2024-08,30,26
QF1695,08-01-2024,High School Teacher,Basic,14-08-2024,6,FALSE,2024-08,30,15
QF1696,08-01-2024,University Professor,Basic,16-08-2024,13,TRUE,2024-08,30,15
QF1697,08-01-2024,HR Professional,Pro,23-08-2024,10,TRUE,2024-08,30,8
QF1698,08-01-2024,Corporate Trainer,Basic,05-08-2024,4,TRUE,2024-08,30,26
QF1699,08-02-2024,High School Teacher,Basic,11-08-2024,7,FALSE,2024-08,29,26
QF1700,08-02-2024,K-12 Tutor,Basic,02-08-2024,9,TRUE,2024-08,29,29
QF1701,08-02-2024,High School Teacher,Basic,30-08-2024,10,FALSE,2024-08,29,25
QF1702,08-02-2024,Corporate Trainer,Pro,26-08-2024,26,TRUE,2024-08,29,5
QF1703,08-02-2024,High School Teacher,Free,02-08-2024,3,FALSE,2024-08,29,6
QF1704,08-03-2024,K-12 Tutor,Free,02-08-2024,3,FALSE,2024-08,28,8
QF1705,08-03-2024,Content Creator,Pro,24-08-2024,21,TRUE,2024-08,28,7
QF1706,08-03-2024,Corporate Trainer,Free,02-08-2024,3,FALSE,2024-08,28,6
QF1707,08-03-2024,HR Professional,Enterprise,20-08-2024,50,FALSE,2024-08,28,11
QF1708,08-03-2024,Corporate Trainer,Basic,21-08-2024,12,TRUE,2024-08,28,10
QF1709,08-03-2024,University Professor,Free,03-08-2024,3,FALSE,2024-08,28,6
QF1710,08-03-2024,Corporate Trainer,Basic,04-08-2024,7,TRUE,2024-08,28,27
QF1711,08-03-2024,University Professor,Free,10-08-2024,4,TRUE,2024-08,28,21
QF1712,08-03-2024,Corporate Trainer,Pro,26-08-2024,18,TRUE,2024-08,28,5
QF1713,08-03-2024,High School Teacher,Basic,12-08-2024,8,TRUE,2024-08,28,19
QF1714,08-03-2024,High School Teacher,Basic,10-08-2024,11,TRUE,2024-08,28,21
QF1715,08-03-2024,K-12 Tutor,Free,17-08-2024,1,FALSE,2024-08,28,30
QF1716,08-04-2024,STEM Educator,Pro,23-08-2024,24,TRUE,2024-08,27,8
QF1717,08-04-2024,University Professor,Free,21-08-2024,3,FALSE,2024-08,27,30
QF1718,08-04-2024,High School Teacher,Free,14-08-2024,1,TRUE,2024-08,27,17
QF1719,08-04-2024,Language Instructor,Basic,29-08-2024,9,FALSE,2024-08,27,17
QF1720,08-04-2024,Language Instructor,Basic,05-08-2024,3,TRUE,2024-08,27,26
QF1721,08-04-2024,High School Teacher,Basic,21-08-2024,7,FALSE,2024-08,27,23
QF1722,08-04-2024,Corporate Trainer,Basic,27-08-2024,4,FALSE,2024-08,27,20
QF1723,08-05-2024,High School Teacher,Pro,17-08-2024,20,FALSE,2024-08,26,25
QF1724,08-05-2024,Corporate Trainer,Free,23-08-2024,2,FALSE,2024-08,26,6
QF1725,08-05-2024,High School Teacher,Free,29-08-2024,1,FALSE,2024-08,26,13
QF1726,08-05-2024,HR Professional,Pro,11-08-2024,17,FALSE,2024-08,26,24
QF1727,08-05-2024,High School Teacher,Basic,06-08-2024,8,TRUE,2024-08,26,25
QF1728,08-05-2024,Content Creator,Free,16-08-2024,4,FALSE,2024-08,26,4
QF1729,08-05-2024,University Professor,Basic,20-08-2024,6,TRUE,2024-08,26,11
QF1730,08-05-2024,High School Teacher,Free,18-08-2024,2,FALSE,2024-08,26,7
QF1731,08-05-2024,Content Creator,Free,06-08-2024,1,FALSE,2024-08,26,8
QF1732,08-06-2024,K-12 Tutor,Free,19-08-2024,6,FALSE,2024-08,25,27
QF1733,08-06-2024,University Professor,Pro,30-08-2024,22,TRUE,2024-08,25,1
QF1734,08-06-2024,HR Professional,Pro,30-08-2024,28,TRUE,2024-08,25,1
QF1735,08-06-2024,Corporate Trainer,Pro,15-08-2024,24,TRUE,2024-08,25,16
QF1736,08-06-2024,High School Teacher,Pro,22-08-2024,23,FALSE,2024-08,25,2
QF1737,08-06-2024,Corporate Trainer,Free,26-08-2024,1,FALSE,2024-08,25,15
QF1738,08-06-2024,Corporate Trainer,Basic,11-08-2024,11,TRUE,2024-08,25,20
QF1739,08-06-2024,University Professor,Basic,03-08-2024,9,FALSE,2024-08,25,16
QF1740,08-06-2024,HR Professional,Basic,29-08-2024,11,FALSE,2024-08,25,12
QF1741,08-07-2024,HR Professional,Pro,26-08-2024,18,TRUE,2024-08,24,5
QF1742,08-07-2024,Content Creator,Free,23-08-2024,5,FALSE,2024-08,24,23
QF1743,08-07-2024,University Professor,Basic,02-08-2024,11,FALSE,2024-08,24,29
QF1744,08-07-2024,K-12 Tutor,Basic,19-08-2024,7,TRUE,2024-08,24,12
QF1745,08-07-2024,High School Teacher,Basic,08-08-2024,7,FALSE,2024-08,24,8
QF1746,08-07-2024,High School Teacher,Basic,30-08-2024,8,TRUE,2024-08,24,1
QF1747,08-07-2024,Corporate Trainer,Free,13-08-2024,7,TRUE,2024-08,24,18
QF1748,08-07-2024,Corporate Trainer,Free,29-08-2024,3,FALSE,2024-08,24,14
QF1749,08-08-2024,High School Teacher,Basic,25-08-2024,12,TRUE,2024-08,23,6
QF1750,08-08-2024,High School Teacher,Free,19-08-2024,4,FALSE,2024-08,23,24
QF1751,08-08-2024,Corporate Trainer,Free,02-09-2024,5,FALSE,2024-08,23,6
QF1752,08-08-2024,University Professor,Basic,16-08-2024,9,TRUE,2024-08,23,15
QF1753,08-08-2024,Language Instructor,Free,12-08-2024,3,FALSE,2024-08,23,25
QF1754,08-08-2024,Corporate Trainer,Basic,12-08-2024,8,TRUE,2024-08,23,19
QF1755,08-08-2024,Language Instructor,Pro,08-08-2024,17,TRUE,2024-08,23,23
QF1756,08-08-2024,Content Creator,Pro,11-08-2024,26,TRUE,2024-08,23,20
QF1757,08-08-2024,Content Creator,Basic,12-08-2024,5,TRUE,2024-08,23,19
QF1758,08-08-2024,Content Creator,Free,26-08-2024,4,TRUE,2024-08,23,5
QF1759,08-09-2024,Corporate Trainer,Pro,16-09-2024,15,FALSE,2024-08,22,20
QF1760,08-09-2024,Corporate Trainer,Free,25-09-2024,4,FALSE,2024-08,22,30
QF1761,08-09-2024,HR Professional,Free,05-10-2024,1,FALSE,2024-08,22,12
QF1762,08-09-2024,Language Instructor,Pro,28-09-2024,22,TRUE,2024-08,22,17
QF1763,08-09-2024,K-12 Tutor,Enterprise,28-09-2024,50,TRUE,2024-08,22,4
QF1764,08-09-2024,Corporate Trainer,Free,01-10-2024,3,FALSE,2024-08,22,29
QF1765,08-09-2024,High School Teacher,Basic,20-09-2024,9,TRUE,2024-08,22,16
QF1766,08-09-2024,University Professor,Free,12-09-2024,2,FALSE,2024-08,22,4
QF1767,08-09-2024,High School Teacher,Basic,05-10-2024,6,TRUE,2024-08,22,22
QF1768,08-09-2024,High School Teacher,Pro,13-09-2024,25,FALSE,2024-08,22,18
QF1769,08-10-2024,Corporate Trainer,Free,23-10-2024,4,FALSE,2024-08,21,22
QF1770,08-10-2024,High School Teacher,Pro,10-10-2024,15,TRUE,2024-08,21,17
QF1771,08-10-2024,STEM Educator,Free,25-10-2024,6,TRUE,2024-08,21,13
QF1772,08-10-2024,High School Teacher,Free,30-10-2024,4,FALSE,2024-08,21,9
QF1773,08-10-2024,HR Professional,Enterprise,10-10-2024,45,TRUE,2024-08,21,5
QF1774,08-10-2024,High School Teacher,Basic,03-11-2024,6,TRUE,2024-08,21,5
QF1775,08-10-2024,Content Creator,Basic,01-11-2024,6,TRUE,2024-08,21,20
QF1776,08-10-2024,Corporate Trainer,Free,16-10-2024,4,FALSE,2024-08,21,7
QF1777,08-11-2024,Corporate Trainer,Free,03-12-2024,2,FALSE,2024-08,20,21
QF1778,08-11-2024,Content Creator,Pro,09-11-2024,17,TRUE,2024-08,20,15
QF1779,08-11-2024,Corporate Trainer,Pro,15-11-2024,29,TRUE,2024-08,20,7
QF1780,08-11-2024,High School Teacher,Basic,09-11-2024,6,TRUE,2024-08,20,10
QF1781,08-11-2024,University Professor,Pro,17-11-2024,23,FALSE,2024-08,20,16
QF1782,08-11-2024,High School Teacher,Free,17-11-2024,6,FALSE,2024-08,20,13
QF1783,08-11-2024,High School Teacher,Free,06-12-2024,5,TRUE,2024-08,20,9
QF1784,08-12-2024,High School Teacher,Free,18-12-2024,3,FALSE,2024-08,19,27
QF1785,08-12-2024,Content Creator,Free,05-01-2025,4,FALSE,2024-08,19,21
QF1786,08-12-2024,HR Professional,Pro,05-01-2025,21,TRUE,2024-08,19,11
QF1787,08-12-2024,Corporate Trainer,Free,15-12-2024,5,FALSE,2024-08,19,8
QF1788,08-12-2024,High School Teacher,Free,04-01-2025,5,FALSE,2024-08,19,13
QF1789,08-12-2024,Language Instructor,Pro,26-12-2024,22,TRUE,2024-08,19,2
QF1790,29-07-2024,High School Teacher,Pro,30-08-2024,17,TRUE,2024-08,18,1
QF1791,22-01-2024,High School Teacher,Free,22-08-2024,2,FALSE,2024-08,18,22
QF1792,19-05-2024,University Professor,Basic,15-08-2024,9,TRUE,2024-08,18,16
QF1793,08-08-2024,HR Professional,Free,18-08-2024,1,TRUE,2024-08,18,13
QF1794,08-04-2024,HR Professional,Basic,11-08-2024,8,FALSE,2024-08,18,7
QF1795,21-11-2024,University Professor,Basic,15-08-2024,10,TRUE,2024-08,18,16
QF1796,30-08-2024,University Professor,Basic,20-08-2024,10,TRUE,2024-08,18,11
QF1797,18-10-2024,Content Creator,Pro,05-08-2024,26,FALSE,2024-08,18,17
QF1798,22-08-2024,High School Teacher,Free,21-08-2024,3,TRUE,2024-08,18,10
QF1799,06-06-2024,HR Professional,Basic,20-08-2024,7,TRUE,2024-08,18,11
QF1800,27-11-2024,Language Instructor,Free,27-08-2024,3,FALSE,2024-08,18,21
QF1801,25-08-2024,High School Teacher,Pro,22-08-2024,15,TRUE,2024-08,18,9
QF1802,02-08-2024,Corporate Trainer,Pro,26-08-2024,22,TRUE,2024-08,18,5
QF1803,12-06-2024,STEM Educator,Free,17-08-2024,2,FALSE,2024-08,17,5
QF1804,17-11-2024,High School Teacher,Free,24-08-2024,5,FALSE,2024-08,17,5
QF1805,02-10-2024,High School Teacher,Free,15-08-2024,4,TRUE,2024-08,17,16
QF1806,29-05-2024,Language Instructor,Free,22-08-2024,3,FALSE,2024-08,17,23
QF1807,13-06-2024,Corporate Trainer,Free,22-08-2024,3,FALSE,2024-08,17,26
QF1808,10-06-2024,University Professor,Basic,23-08-2024,13,TRUE,2024-08,17,8
QF1809,16-09-2024,STEM Educator,Free,02-08-2024,2,FALSE,2024-08,17,6
QF1810,02-02-2024,High School Teacher,Free,16-08-2024,5,TRUE,2024-08,17,15
QF1811,11-07-2024,University Professor,Pro,28-08-2024,10,TRUE,2024-08,17,3
QF1812,15-04-2024,Content Creator,Basic,16-08-2024,11,TRUE,2024-08,17,15
QF1813,18-08-2024,High School Teacher,Basic,19-08-2024,9,TRUE,2024-08,17,12
QF1814,11-01-2024,STEM Educator,Pro,27-08-2024,15,TRUE,2024-08,17,4
QF1815,22-08-2024,High School Teacher,Pro,19-08-2024,15,TRUE,2024-08,17,12
QF1816,03-10-2024,Corporate Trainer,Basic,29-08-2024,5,TRUE,2024-08,17,2
QF1817,03-04-2024,University Professor,Basic,15-08-2024,8,TRUE,2024-08,16,16
QF1818,06-11-2024,University Professor,Free,02-08-2024,3,FALSE,2024-08,16,29
QF1819,08-02-2024,K-12 Tutor,Free,30-08-2024,3,FALSE,2024-08,16,20
QF1820,19-03-2024,Content Creator,Free,09-08-2024,3,FALSE,2024-08,16,20
QF1821,15-08-2024,Language Instructor,Pro,17-08-2024,16,TRUE,2024-08,16,14
QF1822,28-08-2024,High School Teacher,Basic,22-08-2024,7,TRUE,2024-08,16,9
QF1823,12-04-2024,University Professor,Basic,22-08-2024,4,FALSE,2024-08,16,11
QF1824,25-09-2024,High School Teacher,Free,23-08-2024,5,FALSE,2024-08,16,26
QF1825,16-01-2024,High School Teacher,Free,28-08-2024,3,TRUE,2024-08,16,3
QF1826,01-06-2024,Corporate Trainer,Enterprise,23-08-2024,34,TRUE,2024-08,16,8
QF1827,29-07-2024,Corporate Trainer,Basic,25-08-2024,6,FALSE,2024-08,16,26
QF1828,06-10-2024,Corporate Trainer,Free,18-08-2024,5,TRUE,2024-08,16,13
QF1829,11-01-2024,HR Professional,Pro,16-08-2024,22,TRUE,2024-08,16,15
QF1830,23-04-2024,Corporate Trainer,Pro,20-08-2024,14,TRUE,2024-08,15,11
QF1831,03-04-2024,Language Instructor,Free,14-08-2024,3,FALSE,2024-08,15,3
QF1832,25-09-2024,HR Professional,Basic,24-08-2024,12,TRUE,2024-08,15,7
QF1833,12-02-2024,Corporate Trainer,Free,26-08-2024,1,FALSE,2024-08,15,4
QF1834,23-03-2024,Corporate Trainer,Basic,29-08-2024,10,TRUE,2024-08,15,2
QF1835,14-09-2024,Corporate Trainer,Basic,24-08-2024,4,FALSE,2024-08,15,7
QF1836,06-04-2024,High School Teacher,Pro,28-08-2024,21,TRUE,2024-08,15,3
QF1837,09-08-2024,Language Instructor,Free,06-08-2024,1,FALSE,2024-08,15,5
QF1838,04-03-2024,High School Teacher,Pro,23-08-2024,24,TRUE,2024-08,14,8
QF1839,16-05-2024,University Professor,Basic,18-08-2024,0,TRUE,2024-08,14,13
QF1840,02-05-2024,High School Teacher,Free,01-08-2024,3,FALSE,2024-08,14,7
QF1841,25-10-2024,Corporate Trainer,Pro,20-08-2024,16,TRUE,2024-08,14,11
QF1842,24-11-2024,University Professor,Pro,19-08-2024,21,TRUE,2024-08,14,12
QF1843,12-06-2024,STEM Educator,Pro,24-08-2024,21,TRUE,2024-08,14,7
QF1844,17-06-2024,High School Teacher,Enterprise,23-08-2024,47,TRUE,2024-08,13,8
QF1845,07-12-2024,K-12 Tutor,Free,22-08-2024,4,FALSE,2024-08,13,11
QF1846,19-05-2024,Corporate Trainer,Basic,26-08-2024,8,TRUE,2024-08,13,5
QF1847,04-07-2024,High School Teacher,Basic,13-08-2024,14,FALSE,2024-08,13,4
QF1848,23-01-2024,K-12 Tutor,Free,26-08-2024,2,FALSE,2024-08,13,10
QF1849,05-07-2024,University Professor,Basic,23-08-2024,8,TRUE,2024-08,13,8
QF1850,23-01-2024,Content Creator,Free,21-08-2024,2,FALSE,2024-08,13,18
QF1851,27-04-2024,K-12 Tutor,Basic,20-08-2024,5,TRUE,2024-08,13,11
QF1852,24-09-2024,University Professor,Basic,16-08-2024,4,FALSE,2024-08,13,19
QF1853,13-08-2024,High School Teacher,Enterprise,29-08-2024,52,TRUE,2024-08,12,2
QF1854,21-10-2024,High School Teacher,Free,14-08-2024,5,FALSE,2024-08,12,3
QF1855,02-09-2024,High School Teacher,Basic,30-08-2024,10,TRUE,2024-08,12,1
QF1856,24-08-2024,High School Teacher,Free,20-08-2024,3,FALSE,2024-08,12,12
QF1857,08-07-2024,K-12 Tutor,Free,09-08-2024,5,FALSE,2024-08,12,4
QF1858,30-07-2024,Language Instructor,Free,05-08-2024,5,FALSE,2024-08,12,5
QF1859,28-11-2024,Corporate Trainer,Basic,11-08-2024,11,FALSE,2024-08,12,18
QF1860,13-08-2024,K-12 Tutor,Basic,26-08-2024,8,TRUE,2024-08,12,5
QF1861,28-05-2024,Content Creator,Free,02-08-2024,4,FALSE,2024-08,12,8
QF1862,03-12-2024,High School Teacher,Free,15-08-2024,5,FALSE,2024-08,12,25
QF1863,23-05-2024,Corporate Trainer,Basic,29-08-2024,11,FALSE,2024-08,12,14
QF1864,29-07-2024,Corporate Trainer,Free,27-08-2024,2,FALSE,2024-08,11,2
QF1865,08-11-2024,Corporate Trainer,Basic,23-08-2024,8,TRUE,2024-08,11,8
QF1866,25-08-2024,Language Instructor,Pro,21-08-2024,29,TRUE,2024-08,11,10
QF1867,04-11-2024,High School Teacher,Free,13-08-2024,5,FALSE,2024-08,11,24
QF1868,27-05-2024,High School Teacher,Free,27-08-2024,0,TRUE,2024-08,11,4
QF1869,22-08-2024,Corporate Trainer,Basic,23-08-2024,10,TRUE,2024-08,11,8
QF1870,14-03-2024,K-12 Tutor,Pro,27-08-2024,15,TRUE,2024-08,11,4
QF1871,21-02-2024,HR Professional,Enterprise,21-08-2024,45,TRUE,2024-08,11,10
QF1872,01-04-2024,University Professor,Basic,21-08-2024,4,TRUE,2024-08,11,10
QF1873,05-04-2024,High School Teacher,Basic,18-08-2024,1,FALSE,2024-08,11,14
QF1874,27-09-2024,High School Teacher,Free,15-08-2024,3,FALSE,2024-08,11,15
QF1875,03-04-2024,STEM Educator,Basic,08-08-2024,4,FALSE,2024-08,11,8
QF1876,17-09-2024,Content Creator,Basic,24-08-2024,5,TRUE,2024-08,10,7
QF1877,08-02-2024,Corporate Trainer,Free,29-08-2024,3,TRUE,2024-08,10,2
QF1878,24-05-2024,High School Teacher,Basic,26-08-2024,7,TRUE,2024-08,10,5
QF1879,14-02-2024,University Professor,Pro,23-08-2024,25,TRUE,2024-08,10,8
QF1880,17-06-2024,Content Creator,Free,22-08-2024,4,TRUE,2024-08,10,9
QF1881,26-11-2024,STEM Educator,Free,20-08-2024,4,FALSE,2024-08,10,8
QF1882,05-04-2024,Corporate Trainer,Pro,28-08-2024,12,TRUE,2024-08,10,3
QF1883,19-08-2024,High School Teacher,Basic,04-08-2024,8,FALSE,2024-08,9,13
QF1884,05-04-2024,University Professor,Pro,30-08-2024,20,TRUE,2024-08,9,1
QF1885,19-04-2024,University Professor,Pro,28-08-2024,20,TRUE,2024-08,9,3
QF1886,15-05-2024,University Professor,Basic,30-08-2024,7,TRUE,2024-08,9,1
QF1887,05-05-2024,Content Creator,Enterprise,12-08-2024,65,FALSE,2024-08,9,11
QF1888,16-04-2024,HR Professional,Pro,29-08-2024,19,TRUE,2024-08,9,2
QF1889,03-02-2024,HR Professional,Basic,23-08-2024,9,TRUE,2024-08,9,8
QF1890,31-05-2024,High School Teacher,Basic,20-08-2024,8,FALSE,2024-08,9,25
QF1891,17-05-2024,High School Teacher,Enterprise,30-08-2024,45,FALSE,2024-08,9,5
QF1892,04-05-2024,K-12 Tutor,Free,10-08-2024,3,FALSE,2024-08,9,12
QF1893,09-01-2024,High School Teacher,Pro,23-08-2024,22,TRUE,2024-08,9,8
QF1894,15-02-2024,High School Teacher,Basic,22-08-2024,9,TRUE,2024-08,9,9
QF1895,01-03-2024,University Professor,Pro,29-08-2024,20,FALSE,2024-08,9,22
QF1896,03-05-2024,University Professor,Free,16-08-2024,2,FALSE,2024-08,9,27
QF1897,31-07-2024,K-12 Tutor,Free,26-08-2024,3,FALSE,2024-08,9,22
QF1898,05-10-2024,University Professor,Pro,22-08-2024,22,TRUE,2024-08,9,9
QF1899,26-11-2024,Corporate Trainer,Free,25-08-2024,1,TRUE,2024-08,9,6
QF1900,25-08-2024,Language Instructor,Free,28-08-2024,2,TRUE,2024-08,9,3
QF1901,20-01-2024,K-12 Tutor,Free,19-08-2024,2,FALSE,2024-08,9,12
QF1902,08-04-2024,Content Creator,Basic,03-08-2024,10,FALSE,2024-08,9,20
QF1903,17-10-2024,High School Teacher,Free,08-08-2024,4,FALSE,2024-08,9,6
QF1904,03-05-2024,University Professor,Pro,03-08-2024,22,FALSE,2024-08,8,18
QF1905,16-08-2024,University Professor,Pro,02-08-2024,20,FALSE,2024-08,8,29
QF1906,16-05-2024,Corporate Trainer,Pro,28-08-2024,19,TRUE,2024-08,8,3
QF1907,11-09-2024,High School Teacher,Free,25-08-2024,5,FALSE,2024-08,8,23
QF1908,07-04-2024,HR Professional,Free,27-08-2024,4,TRUE,2024-08,8,4
QF1909,12-01-2024,High School Teacher,Pro,24-08-2024,16,TRUE,2024-08,8,7
QF1910,11-06-2024,Corporate Trainer,Pro,25-08-2024,14,TRUE,2024-08,8,6
QF1911,26-03-2024,Corporate Trainer,Enterprise,28-08-2024,48,TRUE,2024-08,8,3
QF1912,07-06-2024,K-12 Tutor,Pro,28-08-2024,21,TRUE,2024-08,8,3
QF1913,16-11-2024,University Professor,Free,23-08-2024,1,FALSE,2024-08,8,19
QF1914,17-11-2024,University Professor,Basic,30-08-2024,9,TRUE,2024-08,8,1
QF1915,07-05-2024,High School Teacher,Basic,24-08-2024,7,TRUE,2024-08,8,7
QF1916,25-10-2024,K-12 Tutor,Enterprise,26-08-2024,42,TRUE,2024-08,8,5
QF1917,17-08-2024,Content Creator,Free,28-08-2024,6,TRUE,2024-08,7,3
QF1918,19-04-2024,Corporate Trainer,Free,18-08-2024,5,FALSE,2024-08,7,17
QF1919,31-01-2024,Content Creator,Basic,24-08-2024,6,TRUE,2024-08,7,7
QF1920,08-06-2024,High School Teacher,Basic,24-08-2024,6,TRUE,2024-08,7,7
QF1921,26-02-2024,University Professor,Free,22-08-2024,2,FALSE,2024-08,7,20
QF1922,31-01-2024,Corporate Trainer,Pro,02-08-2024,20,FALSE,2024-08,7,27
QF1923,29-11-2024,High School Teacher,Pro,28-08-2024,16,FALSE,2024-08,7,24
QF1924,08-10-2024,STEM Educator,Free,24-08-2024,4,FALSE,2024-08,7,16
QF1925,05-10-2024,K-12 Tutor,Free,05-08-2024,2,FALSE,2024-08,7,24
QF1926,10-01-2024,University Professor,Free,25-08-2024,3,FALSE,2024-08,7,29
QF1927,29-06-2024,University Professor,Pro,25-08-2024,26,TRUE,2024-08,6,6
QF1928,18-02-2024,High School Teacher,Basic,27-08-2024,11,FALSE,2024-08,6,1
QF1929,07-06-2024,University Professor,Basic,27-08-2024,3,TRUE,2024-08,6,4
QF1930,10-06-2024,Corporate Trainer,Free,18-08-2024,3,FALSE,2024-08,6,14
QF1931,23-11-2024,University Professor,Basic,26-08-2024,6,TRUE,2024-08,6,5
QF1932,23-03-2024,K-12 Tutor,Basic,26-08-2024,8,TRUE,2024-08,6,5
QF1933,27-01-2024,HR Professional,Basic,30-08-2024,9,TRUE,2024-08,6,1
QF1934,01-06-2024,Language Instructor,Basic,29-08-2024,8,TRUE,2024-08,6,2
QF1935,30-07-2024,Language Instructor,Free,22-08-2024,5,FALSE,2024-08,6,7
QF1936,06-12-2024,University Professor,Enterprise,29-08-2024,55,TRUE,2024-08,6,2
QF1937,27-08-2024,University Professor,Free,08-08-2024,0,FALSE,2024-08,6,30
QF1938,11-01-2024,Corporate Trainer,Pro,27-08-2024,20,TRUE,2024-08,6,4
QF1939,13-06-2024,High School Teacher,Free,08-08-2024,2,FALSE,2024-08,5,27
QF1940,14-10-2024,STEM Educator,Free,27-08-2024,5,TRUE,2024-08,5,4
QF1941,07-04-2024,Content Creator,Pro,28-08-2024,14,TRUE,2024-08,5,3
QF1942,17-08-2024,Corporate Trainer,Enterprise,19-08-2024,51,FALSE,2024-08,5,12
QF1943,04-05-2024,High School Teacher,Free,29-08-2024,2,TRUE,2024-08,5,2
QF1944,30-01-2024,Language Instructor,Free,27-08-2024,2,TRUE,2024-08,5,4
QF1945,18-05-2024,High School Teacher,Basic,28-08-2024,8,TRUE,2024-08,5,3
QF1946,06-02-2024,High School Teacher,Free,12-08-2024,2,FALSE,2024-08,5,13
QF1947,14-08-2024,Language Instructor,Pro,16-08-2024,15,FALSE,2024-08,5,1
QF1948,09-03-2024,High School Teacher,Free,26-08-2024,4,TRUE,2024-08,5,5
QF1949,31-01-2024,High School Teacher,Basic,29-08-2024,5,TRUE,2024-08,5,2
QF1950,07-02-2024,University Professor,Pro,28-08-2024,27,TRUE,2024-08,5,3
QF1951,12-09-2024,Corporate Trainer,Free,17-08-2024,1,FALSE,2024-08,5,18
QF1952,26-09-2024,Language Instructor,Basic,27-08-2024,6,TRUE,2024-08,5,4
QF1953,14-01-2024,K-12 Tutor,Basic,29-08-2024,2,TRUE,2024-08,5,2
QF1954,24-09-2024,High School Teacher,Free,30-08-2024,0,TRUE,2024-08,5,1
QF1955,14-11-2024,High School Teacher,Enterprise,12-08-2024,46,FALSE,2024-08,5,16
QF1956,04-04-2024,High School Teacher,Basic,28-08-2024,4,FALSE,2024-08,4,26
QF1957,08-04-2024,High School Teacher,Free,07-08-2024,2,FALSE,2024-08,4,10
QF1958,24-10-2024,Language Instructor,Pro,29-08-2024,21,TRUE,2024-08,4,2
QF1959,10-06-2024,University Professor,Basic,28-08-2024,9,TRUE,2024-08,4,3
QF1960,18-07-2024,HR Professional,Free,29-08-2024,5,TRUE,2024-08,4,2
QF1961,01-09-2024,Corporate Trainer,Free,06-08-2024,5,FALSE,2024-08,4,25
QF1962,28-09-2024,High School Teacher,Free,21-08-2024,4,FALSE,2024-08,4,13
QF1963,01-09-2024,Corporate Trainer,Free,12-08-2024,1,FALSE,2024-08,4,12
QF1964,05-03-2024,High School Teacher,Free,30-08-2024,0,FALSE,2024-08,4,9
QF1965,13-07-2024,K-12 Tutor,Free,27-08-2024,3,FALSE,2024-08,4,24
QF1966,31-05-2024,High School Teacher,Pro,12-08-2024,27,FALSE,2024-08,3,6
QF1967,07-12-2024,Corporate Trainer,Pro,29-08-2024,18,TRUE,2024-08,3,2
QF1968,24-08-2024,High School Teacher,Free,14-08-2024,3,FALSE,2024-08,3,28
QF1969,20-05-2024,HR Professional,Free,06-08-2024,3,FALSE,2024-08,3,10
QF1970,19-10-2024,Corporate Trainer,Pro,29-08-2024,19,TRUE,2024-08,3,2
QF1971,22-07-2024,HR Professional,Pro,30-08-2024,20,TRUE,2024-08,3,1
QF1972,02-08-2024,Language Instructor,Basic,07-08-2024,5,FALSE,2024-08,3,24
QF1973,03-08-2024,Content Creator,Free,29-08-2024,4,TRUE,2024-08,3,2
QF1974,14-05-2024,High School Teacher,Free,05-08-2024,2,FALSE,2024-08,3,13
QF1975,24-09-2024,Corporate Trainer,Basic,30-08-2024,8,TRUE,2024-08,3,1
QF1976,18-04-2024,HR Professional,Pro,30-08-2024,21,TRUE,2024-08,3,1
QF1977,05-11-2024,University Professor,Free,09-08-2024,4,FALSE,2024-08,3,5
QF1978,22-05-2024,K-12 Tutor,Pro,30-08-2024,15,TRUE,2024-08,3,1
QF1979,21-03-2024,High School Teacher,Basic,30-08-2024,8,TRUE,2024-08,3,1
QF1980,26-10-2024,K-12 Tutor,Pro,30-08-2024,15,TRUE,2024-08,3,1
QF1981,07-06-2024,HR Professional,Basic,29-08-2024,4,TRUE,2024-08,2,2
QF1982,05-05-2024,High School Teacher,Free,29-08-2024,5,FALSE,2024-08,2,6
QF1983,18-10-2024,High School Teacher,Pro,29-08-2024,23,TRUE,2024-08,2,2
QF1984,06-03-2024,High School Teacher,Basic,11-08-2024,10,FALSE,2024-08,2,28
QF1985,28-03-2024,High School Teacher,Free,15-08-2024,3,FALSE,2024-08,2,3
QF1986,24-08-2024,Content Creator,Basic,30-08-2024,7,TRUE,2024-08,2,1
QF1987,14-07-2024,HR Professional,Basic,29-08-2024,12,TRUE,2024-08,2,2
QF1988,07-10-2024,Corporate Trainer,Pro,30-08-2024,16,TRUE,2024-08,2,1
QF1989,30-03-2024,HR Professional,Basic,02-08-2024,6,FALSE,2024-08,2,2
QF1990,06-01-2024,University Professor,Enterprise,12-08-2024,49,FALSE,2024-08,2,15
QF1991,24-02-2024,Content Creator,Free,18-08-2024,2,FALSE,2024-08,2,8
QF1992,05-04-2024,High School Teacher,Enterprise,30-08-2024,54,TRUE,2024-08,2,1
QF1993,13-07-2024,University Professor,Basic,30-08-2024,8,TRUE,2024-08,1,1
QF1994,08-07-2024,Corporate Trainer,Basic,30-08-2024,11,FALSE,2024-08,1,25
QF1995,11-01-2024,University Professor,Free,30-08-2024,1,TRUE,2024-08,1,1
QF1996,25-10-2024,K-12 Tutor,Basic,30-08-2024,10,TRUE,2024-08,1,1
QF1997,15-06-2024,High School Teacher,Free,28-08-2024,4,FALSE,2024-08,1,21
QF1998,23-10-2024,HR Professional,Basic,11-08-2024,11,FALSE,2024-08,1,19
QF1999,17-04-2024,High School Teacher,Basic,30-08-2024,5,TRUE,2024-08,1,1
